date_local,T_out_baseline_C,T_out_2040_C
2006-01-01,25.951875,27.451875
2006-01-02,25.260416666666668,26.760416666666668
2006-01-03,26.009583333333335,27.509583333333335
2006-01-04,25.771666666666665,27.271666666666665
2006-01-05,25.9275,27.4275
2006-01-06,25.27333333333333,26.77333333333333
2006-01-07,25.47458333333333,26.97458333333333
2006-01-08,25.153750000000002,26.653750000000002
2006-01-09,25.317916666666665,26.817916666666665
2006-01-10,25.207083333333333,26.707083333333333
2006-01-11,25.35625,26.85625
2006-01-12,25.278750000000002,26.778750000000002
2006-01-13,25.785,27.285
2006-01-14,25.816666666666666,27.316666666666666
2006-01-15,26.340416666666666,27.840416666666666
2006-01-16,26.155,27.655
2006-01-17,26.08791666666667,27.58791666666667
2006-01-18,26.22875,27.72875
2006-01-19,26.268333333333334,27.768333333333334
2006-01-20,26.54958333333333,28.04958333333333
2006-01-21,26.172916666666666,27.672916666666666
2006-01-22,26.181250000000002,27.681250000000002
2006-01-23,26.53916666666667,28.03916666666667
2006-01-24,26.057083333333335,27.557083333333335
2006-01-25,26.074166666666667,27.574166666666667
2006-01-26,26.339166666666667,27.839166666666667
2006-01-27,26.52916666666667,28.02916666666667
2006-01-28,26.70041666666667,28.20041666666667
2006-01-29,26.749166666666667,28.249166666666667
2006-01-30,26.833333333333332,28.333333333333332
2006-01-31,26.87708333333333,28.37708333333333
2006-02-01,25.935000000000002,27.435000000000002
2006-02-02,,
2006-02-03,,
2006-02-04,,
2006-02-05,,
2006-02-06,,
2006-02-07,,
2006-02-08,,
2006-02-09,,
2006-02-10,,
2006-02-11,,
2006-02-12,,
2006-02-13,,
2006-02-14,,
2006-02-15,,
2006-02-16,,
2006-02-17,,
2006-02-18,,
2006-02-19,,
2006-02-20,,
2006-02-21,,
2006-02-22,,
2006-02-23,,
2006-02-24,,
2006-02-25,,
2006-02-26,,
2006-02-27,,
2006-02-28,,
2006-03-01,,
2006-03-02,,
2006-03-03,,
2006-03-04,,
2006-03-05,,
2006-03-06,,
2006-03-07,,
2006-03-08,,
2006-03-09,,
2006-03-10,,
2006-03-11,,
2006-03-12,,
2006-03-13,,
2006-03-14,,
2006-03-15,,
2006-03-16,,
2006-03-17,,
2006-03-18,,
2006-03-19,,
2006-03-20,,
2006-03-21,,
2006-03-22,,
2006-03-23,,
2006-03-24,,
2006-03-25,,
2006-03-26,,
2006-03-27,,
2006-03-28,,
2006-03-29,,
2006-03-30,,
2006-03-31,,
2006-04-01,,
2006-04-02,,
2006-04-03,,
2006-04-04,,
2006-04-05,,
2006-04-06,,
2006-04-07,,
2006-04-08,,
2006-04-09,,
2006-04-10,,
2006-04-11,,
2006-04-12,,
2006-04-13,,
2006-04-14,,
2006-04-15,,
2006-04-16,,
2006-04-17,,
2006-04-18,,
2006-04-19,,
2006-04-20,,
2006-04-21,,
2006-04-22,,
2006-04-23,,
2006-04-24,,
2006-04-25,,
2006-04-26,,
2006-04-27,,
2006-04-28,,
2006-04-29,,
2006-04-30,,
2006-05-01,,
2006-05-02,,
2006-05-03,,
2006-05-04,,
2006-05-05,,
2006-05-06,,
2006-05-07,,
2006-05-08,,
2006-05-09,,
2006-05-10,,
2006-05-11,,
2006-05-12,,
2006-05-13,,
2006-05-14,,
2006-05-15,,
2006-05-16,,
2006-05-17,,
2006-05-18,,
2006-05-19,,
2006-05-20,,
2006-05-21,,
2006-05-22,,
2006-05-23,,
2006-05-24,,
2006-05-25,,
2006-05-26,,
2006-05-27,,
2006-05-28,,
2006-05-29,,
2006-05-30,,
2006-05-31,,
2006-06-01,,
2006-06-02,,
2006-06-03,,
2006-06-04,,
2006-06-05,,
2006-06-06,,
2006-06-07,,
2006-06-08,,
2006-06-09,,
2006-06-10,,
2006-06-11,,
2006-06-12,,
2006-06-13,,
2006-06-14,,
2006-06-15,,
2006-06-16,,
2006-06-17,,
2006-06-18,,
2006-06-19,,
2006-06-20,,
2006-06-21,,
2006-06-22,,
2006-06-23,,
2006-06-24,,
2006-06-25,,
2006-06-26,,
2006-06-27,,
2006-06-28,,
2006-06-29,,
2006-06-30,,
2006-07-01,,
2006-07-02,,
2006-07-03,,
2006-07-04,,
2006-07-05,,
2006-07-06,,
2006-07-07,,
2006-07-08,,
2006-07-09,,
2006-07-10,,
2006-07-11,,
2006-07-12,,
2006-07-13,,
2006-07-14,,
2006-07-15,,
2006-07-16,,
2006-07-17,,
2006-07-18,,
2006-07-19,,
2006-07-20,,
2006-07-21,,
2006-07-22,,
2006-07-23,,
2006-07-24,,
2006-07-25,,
2006-07-26,,
2006-07-27,,
2006-07-28,,
2006-07-29,,
2006-07-30,,
2006-07-31,,
2006-08-01,,
2006-08-02,,
2006-08-03,,
2006-08-04,,
2006-08-05,,
2006-08-06,,
2006-08-07,,
2006-08-08,,
2006-08-09,,
2006-08-10,,
2006-08-11,,
2006-08-12,,
2006-08-13,,
2006-08-14,,
2006-08-15,,
2006-08-16,,
2006-08-17,,
2006-08-18,,
2006-08-19,,
2006-08-20,,
2006-08-21,,
2006-08-22,,
2006-08-23,,
2006-08-24,,
2006-08-25,,
2006-08-26,,
2006-08-27,,
2006-08-28,,
2006-08-29,,
2006-08-30,,
2006-08-31,,
2006-09-01,,
2006-09-02,,
2006-09-03,,
2006-09-04,,
2006-09-05,,
2006-09-06,,
2006-09-07,,
2006-09-08,,
2006-09-09,,
2006-09-10,,
2006-09-11,,
2006-09-12,,
2006-09-13,,
2006-09-14,,
2006-09-15,,
2006-09-16,,
2006-09-17,,
2006-09-18,,
2006-09-19,,
2006-09-20,,
2006-09-21,,
2006-09-22,,
2006-09-23,,
2006-09-24,,
2006-09-25,,
2006-09-26,,
2006-09-27,,
2006-09-28,,
2006-09-29,,
2006-09-30,,
2006-10-01,,
2006-10-02,,
2006-10-03,,
2006-10-04,,
2006-10-05,,
2006-10-06,,
2006-10-07,,
2006-10-08,,
2006-10-09,,
2006-10-10,,
2006-10-11,,
2006-10-12,,
2006-10-13,,
2006-10-14,,
2006-10-15,,
2006-10-16,,
2006-10-17,,
2006-10-18,,
2006-10-19,,
2006-10-20,,
2006-10-21,,
2006-10-22,,
2006-10-23,,
2006-10-24,,
2006-10-25,,
2006-10-26,,
2006-10-27,,
2006-10-28,,
2006-10-29,,
2006-10-30,,
2006-10-31,,
2006-11-01,,
2006-11-02,,
2006-11-03,,
2006-11-04,,
2006-11-05,,
2006-11-06,,
2006-11-07,,
2006-11-08,,
2006-11-09,,
2006-11-10,,
2006-11-11,,
2006-11-12,,
2006-11-13,,
2006-11-14,,
2006-11-15,,
2006-11-16,,
2006-11-17,,
2006-11-18,,
2006-11-19,,
2006-11-20,,
2006-11-21,,
2006-11-22,,
2006-11-23,,
2006-11-24,,
2006-11-25,,
2006-11-26,,
2006-11-27,,
2006-11-28,,
2006-11-29,,
2006-11-30,,
2006-12-01,,
2006-12-02,,
2006-12-03,,
2006-12-04,,
2006-12-05,,
2006-12-06,,
2006-12-07,,
2006-12-08,,
2006-12-09,,
2006-12-10,,
2006-12-11,,
2006-12-12,,
2006-12-13,,
2006-12-14,,
2006-12-15,,
2006-12-16,,
2006-12-17,,
2006-12-18,,
2006-12-19,,
2006-12-20,,
2006-12-21,,
2006-12-22,,
2006-12-23,,
2006-12-24,,
2006-12-25,,
2006-12-26,,
2006-12-27,,
2006-12-28,,
2006-12-29,,
2006-12-30,,
2006-12-31,,
2007-01-01,,
2007-01-02,,
2007-01-03,,
2007-01-04,,
2007-01-05,,
2007-01-06,,
2007-01-07,,
2007-01-08,,
2007-01-09,,
2007-01-10,,
2007-01-11,,
2007-01-12,,
2007-01-13,,
2007-01-14,,
2007-01-15,,
2007-01-16,,
2007-01-17,,
2007-01-18,,
2007-01-19,,
2007-01-20,,
2007-01-21,,
2007-01-22,,
2007-01-23,,
2007-01-24,,
2007-01-25,,
2007-01-26,,
2007-01-27,,
2007-01-28,,
2007-01-29,,
2007-01-30,,
2007-01-31,,
2007-02-01,,
2007-02-02,,
2007-02-03,,
2007-02-04,,
2007-02-05,,
2007-02-06,,
2007-02-07,,
2007-02-08,,
2007-02-09,,
2007-02-10,,
2007-02-11,,
2007-02-12,,
2007-02-13,,
2007-02-14,,
2007-02-15,,
2007-02-16,,
2007-02-17,,
2007-02-18,,
2007-02-19,,
2007-02-20,,
2007-02-21,,
2007-02-22,,
2007-02-23,,
2007-02-24,,
2007-02-25,,
2007-02-26,,
2007-02-27,,
2007-02-28,,
2007-03-01,,
2007-03-02,,
2007-03-03,,
2007-03-04,,
2007-03-05,,
2007-03-06,,
2007-03-07,,
2007-03-08,,
2007-03-09,,
2007-03-10,,
2007-03-11,,
2007-03-12,,
2007-03-13,,
2007-03-14,,
2007-03-15,,
2007-03-16,,
2007-03-17,,
2007-03-18,,
2007-03-19,,
2007-03-20,,
2007-03-21,,
2007-03-22,,
2007-03-23,,
2007-03-24,,
2007-03-25,,
2007-03-26,,
2007-03-27,,
2007-03-28,,
2007-03-29,,
2007-03-30,,
2007-03-31,,
2007-04-01,,
2007-04-02,,
2007-04-03,,
2007-04-04,,
2007-04-05,,
2007-04-06,,
2007-04-07,,
2007-04-08,,
2007-04-09,,
2007-04-10,,
2007-04-11,,
2007-04-12,,
2007-04-13,,
2007-04-14,,
2007-04-15,,
2007-04-16,,
2007-04-17,,
2007-04-18,,
2007-04-19,,
2007-04-20,,
2007-04-21,,
2007-04-22,,
2007-04-23,,
2007-04-24,,
2007-04-25,,
2007-04-26,,
2007-04-27,,
2007-04-28,,
2007-04-29,,
2007-04-30,,
2007-05-01,,
2007-05-02,,
2007-05-03,,
2007-05-04,,
2007-05-05,,
2007-05-06,,
2007-05-07,,
2007-05-08,,
2007-05-09,,
2007-05-10,,
2007-05-11,,
2007-05-12,,
2007-05-13,,
2007-05-14,,
2007-05-15,,
2007-05-16,,
2007-05-17,,
2007-05-18,,
2007-05-19,,
2007-05-20,,
2007-05-21,,
2007-05-22,,
2007-05-23,,
2007-05-24,,
2007-05-25,,
2007-05-26,,
2007-05-27,,
2007-05-28,,
2007-05-29,,
2007-05-30,,
2007-05-31,,
2007-06-01,,
2007-06-02,,
2007-06-03,,
2007-06-04,,
2007-06-05,,
2007-06-06,,
2007-06-07,,
2007-06-08,,
2007-06-09,,
2007-06-10,,
2007-06-11,,
2007-06-12,,
2007-06-13,,
2007-06-14,,
2007-06-15,,
2007-06-16,,
2007-06-17,,
2007-06-18,,
2007-06-19,,
2007-06-20,,
2007-06-21,,
2007-06-22,,
2007-06-23,,
2007-06-24,,
2007-06-25,,
2007-06-26,,
2007-06-27,,
2007-06-28,,
2007-06-29,,
2007-06-30,,
2007-07-01,,
2007-07-02,,
2007-07-03,,
2007-07-04,,
2007-07-05,,
2007-07-06,,
2007-07-07,,
2007-07-08,,
2007-07-09,,
2007-07-10,,
2007-07-11,,
2007-07-12,,
2007-07-13,,
2007-07-14,,
2007-07-15,,
2007-07-16,,
2007-07-17,,
2007-07-18,,
2007-07-19,,
2007-07-20,,
2007-07-21,,
2007-07-22,,
2007-07-23,,
2007-07-24,,
2007-07-25,,
2007-07-26,,
2007-07-27,,
2007-07-28,,
2007-07-29,,
2007-07-30,,
2007-07-31,,
2007-08-01,27.926875,29.426875
2007-08-02,27.767083333333332,29.267083333333332
2007-08-03,28.043333333333333,29.543333333333333
2007-08-04,27.8075,29.3075
2007-08-05,28.116666666666664,29.616666666666664
2007-08-06,27.36583333333333,28.86583333333333
2007-08-07,27.602083333333336,29.102083333333336
2007-08-08,27.672083333333333,29.172083333333333
2007-08-09,27.3325,28.8325
2007-08-10,27.381249999999998,28.881249999999998
2007-08-11,27.68041666666667,29.18041666666667
2007-08-12,27.325,28.825
2007-08-13,26.8475,28.3475
2007-08-14,26.734583333333333,28.234583333333333
2007-08-15,26.6925,28.1925
2007-08-16,26.980416666666667,28.480416666666667
2007-08-17,27.27916666666667,28.77916666666667
2007-08-18,27.924166666666665,29.424166666666665
2007-08-19,27.04375,28.54375
2007-08-20,26.40625,27.90625
2007-08-21,27.360416666666666,28.860416666666666
2007-08-22,26.800833333333333,28.300833333333333
2007-08-23,27.32166666666667,28.82166666666667
2007-08-24,26.644583333333333,28.144583333333333
2007-08-25,26.455,27.955
2007-08-26,26.720416666666665,28.220416666666665
2007-08-27,26.561666666666667,28.061666666666667
2007-08-28,26.079166666666666,27.579166666666666
2007-08-29,26.986666666666665,28.486666666666665
2007-08-30,26.604583333333334,28.104583333333334
2007-08-31,27.10875,28.60875
2007-09-01,26.36625,27.86625
2007-09-02,,
2007-09-03,,
2007-09-04,,
2007-09-05,,
2007-09-06,,
2007-09-07,,
2007-09-08,,
2007-09-09,,
2007-09-10,,
2007-09-11,,
2007-09-12,,
2007-09-13,,
2007-09-14,,
2007-09-15,,
2007-09-16,,
2007-09-17,,
2007-09-18,,
2007-09-19,,
2007-09-20,,
2007-09-21,,
2007-09-22,,
2007-09-23,,
2007-09-24,,
2007-09-25,,
2007-09-26,,
2007-09-27,,
2007-09-28,,
2007-09-29,,
2007-09-30,,
2007-10-01,,
2007-10-02,,
2007-10-03,,
2007-10-04,,
2007-10-05,,
2007-10-06,,
2007-10-07,,
2007-10-08,,
2007-10-09,,
2007-10-10,,
2007-10-11,,
2007-10-12,,
2007-10-13,,
2007-10-14,,
2007-10-15,,
2007-10-16,,
2007-10-17,,
2007-10-18,,
2007-10-19,,
2007-10-20,,
2007-10-21,,
2007-10-22,,
2007-10-23,,
2007-10-24,,
2007-10-25,,
2007-10-26,,
2007-10-27,,
2007-10-28,,
2007-10-29,,
2007-10-30,,
2007-10-31,,
2007-11-01,,
2007-11-02,,
2007-11-03,,
2007-11-04,,
2007-11-05,,
2007-11-06,,
2007-11-07,,
2007-11-08,,
2007-11-09,,
2007-11-10,,
2007-11-11,,
2007-11-12,,
2007-11-13,,
2007-11-14,,
2007-11-15,,
2007-11-16,,
2007-11-17,,
2007-11-18,,
2007-11-19,,
2007-11-20,,
2007-11-21,,
2007-11-22,,
2007-11-23,,
2007-11-24,,
2007-11-25,,
2007-11-26,,
2007-11-27,,
2007-11-28,,
2007-11-29,,
2007-11-30,,
2007-12-01,,
2007-12-02,,
2007-12-03,,
2007-12-04,,
2007-12-05,,
2007-12-06,,
2007-12-07,,
2007-12-08,,
2007-12-09,,
2007-12-10,,
2007-12-11,,
2007-12-12,,
2007-12-13,,
2007-12-14,,
2007-12-15,,
2007-12-16,,
2007-12-17,,
2007-12-18,,
2007-12-19,,
2007-12-20,,
2007-12-21,,
2007-12-22,,
2007-12-23,,
2007-12-24,,
2007-12-25,,
2007-12-26,,
2007-12-27,,
2007-12-28,,
2007-12-29,,
2007-12-30,,
2007-12-31,,
2008-01-01,,
2008-01-02,,
2008-01-03,,
2008-01-04,,
2008-01-05,,
2008-01-06,,
2008-01-07,,
2008-01-08,,
2008-01-09,,
2008-01-10,,
2008-01-11,,
2008-01-12,,
2008-01-13,,
2008-01-14,,
2008-01-15,,
2008-01-16,,
2008-01-17,,
2008-01-18,,
2008-01-19,,
2008-01-20,,
2008-01-21,,
2008-01-22,,
2008-01-23,,
2008-01-24,,
2008-01-25,,
2008-01-26,,
2008-01-27,,
2008-01-28,,
2008-01-29,,
2008-01-30,,
2008-01-31,,
2008-02-01,,
2008-02-02,,
2008-02-03,,
2008-02-04,,
2008-02-05,,
2008-02-06,,
2008-02-07,,
2008-02-08,,
2008-02-09,,
2008-02-10,,
2008-02-11,,
2008-02-12,,
2008-02-13,,
2008-02-14,,
2008-02-15,,
2008-02-16,,
2008-02-17,,
2008-02-18,,
2008-02-19,,
2008-02-20,,
2008-02-21,,
2008-02-22,,
2008-02-23,,
2008-02-24,,
2008-02-25,,
2008-02-26,,
2008-02-27,,
2008-02-28,,
2008-02-29,,
2008-03-01,,
2008-03-02,,
2008-03-03,,
2008-03-04,,
2008-03-05,,
2008-03-06,,
2008-03-07,,
2008-03-08,,
2008-03-09,,
2008-03-10,,
2008-03-11,,
2008-03-12,,
2008-03-13,,
2008-03-14,,
2008-03-15,,
2008-03-16,,
2008-03-17,,
2008-03-18,,
2008-03-19,,
2008-03-20,,
2008-03-21,,
2008-03-22,,
2008-03-23,,
2008-03-24,,
2008-03-25,,
2008-03-26,,
2008-03-27,,
2008-03-28,,
2008-03-29,,
2008-03-30,,
2008-03-31,,
2008-04-01,,
2008-04-02,,
2008-04-03,,
2008-04-04,,
2008-04-05,,
2008-04-06,,
2008-04-07,,
2008-04-08,,
2008-04-09,,
2008-04-10,,
2008-04-11,,
2008-04-12,,
2008-04-13,,
2008-04-14,,
2008-04-15,,
2008-04-16,,
2008-04-17,,
2008-04-18,,
2008-04-19,,
2008-04-20,,
2008-04-21,,
2008-04-22,,
2008-04-23,,
2008-04-24,,
2008-04-25,,
2008-04-26,,
2008-04-27,,
2008-04-28,,
2008-04-29,,
2008-04-30,,
2008-05-01,,
2008-05-02,,
2008-05-03,,
2008-05-04,,
2008-05-05,,
2008-05-06,,
2008-05-07,,
2008-05-08,,
2008-05-09,,
2008-05-10,,
2008-05-11,,
2008-05-12,,
2008-05-13,,
2008-05-14,,
2008-05-15,,
2008-05-16,,
2008-05-17,,
2008-05-18,,
2008-05-19,,
2008-05-20,,
2008-05-21,,
2008-05-22,,
2008-05-23,,
2008-05-24,,
2008-05-25,,
2008-05-26,,
2008-05-27,,
2008-05-28,,
2008-05-29,,
2008-05-30,,
2008-05-31,,
2008-06-01,,
2008-06-02,,
2008-06-03,,
2008-06-04,,
2008-06-05,,
2008-06-06,,
2008-06-07,,
2008-06-08,,
2008-06-09,,
2008-06-10,,
2008-06-11,,
2008-06-12,,
2008-06-13,,
2008-06-14,,
2008-06-15,,
2008-06-16,,
2008-06-17,,
2008-06-18,,
2008-06-19,,
2008-06-20,,
2008-06-21,,
2008-06-22,,
2008-06-23,,
2008-06-24,,
2008-06-25,,
2008-06-26,,
2008-06-27,,
2008-06-28,,
2008-06-29,,
2008-06-30,,
2008-07-01,,
2008-07-02,,
2008-07-03,,
2008-07-04,,
2008-07-05,,
2008-07-06,,
2008-07-07,,
2008-07-08,,
2008-07-09,,
2008-07-10,,
2008-07-11,,
2008-07-12,,
2008-07-13,,
2008-07-14,,
2008-07-15,,
2008-07-16,,
2008-07-17,,
2008-07-18,,
2008-07-19,,
2008-07-20,,
2008-07-21,,
2008-07-22,,
2008-07-23,,
2008-07-24,,
2008-07-25,,
2008-07-26,,
2008-07-27,,
2008-07-28,,
2008-07-29,,
2008-07-30,,
2008-07-31,,
2008-08-01,,
2008-08-02,,
2008-08-03,,
2008-08-04,,
2008-08-05,,
2008-08-06,,
2008-08-07,,
2008-08-08,,
2008-08-09,,
2008-08-10,,
2008-08-11,,
2008-08-12,,
2008-08-13,,
2008-08-14,,
2008-08-15,,
2008-08-16,,
2008-08-17,,
2008-08-18,,
2008-08-19,,
2008-08-20,,
2008-08-21,,
2008-08-22,,
2008-08-23,,
2008-08-24,,
2008-08-25,,
2008-08-26,,
2008-08-27,,
2008-08-28,,
2008-08-29,,
2008-08-30,,
2008-08-31,,
2008-09-01,,
2008-09-02,,
2008-09-03,,
2008-09-04,,
2008-09-05,,
2008-09-06,,
2008-09-07,,
2008-09-08,,
2008-09-09,,
2008-09-10,,
2008-09-11,,
2008-09-12,,
2008-09-13,,
2008-09-14,,
2008-09-15,,
2008-09-16,,
2008-09-17,,
2008-09-18,,
2008-09-19,,
2008-09-20,,
2008-09-21,,
2008-09-22,,
2008-09-23,,
2008-09-24,,
2008-09-25,,
2008-09-26,,
2008-09-27,,
2008-09-28,,
2008-09-29,,
2008-09-30,,
2008-10-01,,
2008-10-02,,
2008-10-03,,
2008-10-04,,
2008-10-05,,
2008-10-06,,
2008-10-07,,
2008-10-08,,
2008-10-09,,
2008-10-10,,
2008-10-11,,
2008-10-12,,
2008-10-13,,
2008-10-14,,
2008-10-15,,
2008-10-16,,
2008-10-17,,
2008-10-18,,
2008-10-19,,
2008-10-20,,
2008-10-21,,
2008-10-22,,
2008-10-23,,
2008-10-24,,
2008-10-25,,
2008-10-26,,
2008-10-27,,
2008-10-28,,
2008-10-29,,
2008-10-30,,
2008-10-31,,
2008-11-01,,
2008-11-02,,
2008-11-03,,
2008-11-04,,
2008-11-05,,
2008-11-06,,
2008-11-07,,
2008-11-08,,
2008-11-09,,
2008-11-10,,
2008-11-11,,
2008-11-12,,
2008-11-13,,
2008-11-14,,
2008-11-15,,
2008-11-16,,
2008-11-17,,
2008-11-18,,
2008-11-19,,
2008-11-20,,
2008-11-21,,
2008-11-22,,
2008-11-23,,
2008-11-24,,
2008-11-25,,
2008-11-26,,
2008-11-27,,
2008-11-28,,
2008-11-29,,
2008-11-30,,
2008-12-01,,
2008-12-02,,
2008-12-03,,
2008-12-04,,
2008-12-05,,
2008-12-06,,
2008-12-07,,
2008-12-08,,
2008-12-09,,
2008-12-10,,
2008-12-11,,
2008-12-12,,
2008-12-13,,
2008-12-14,,
2008-12-15,,
2008-12-16,,
2008-12-17,,
2008-12-18,,
2008-12-19,,
2008-12-20,,
2008-12-21,,
2008-12-22,,
2008-12-23,,
2008-12-24,,
2008-12-25,,
2008-12-26,,
2008-12-27,,
2008-12-28,,
2008-12-29,,
2008-12-30,,
2008-12-31,,
2009-01-01,,
2009-01-02,,
2009-01-03,,
2009-01-04,,
2009-01-05,,
2009-01-06,,
2009-01-07,,
2009-01-08,,
2009-01-09,,
2009-01-10,,
2009-01-11,,
2009-01-12,,
2009-01-13,,
2009-01-14,,
2009-01-15,,
2009-01-16,,
2009-01-17,,
2009-01-18,,
2009-01-19,,
2009-01-20,,
2009-01-21,,
2009-01-22,,
2009-01-23,,
2009-01-24,,
2009-01-25,,
2009-01-26,,
2009-01-27,,
2009-01-28,,
2009-01-29,,
2009-01-30,,
2009-01-31,,
2009-02-01,,
2009-02-02,,
2009-02-03,,
2009-02-04,,
2009-02-05,,
2009-02-06,,
2009-02-07,,
2009-02-08,,
2009-02-09,,
2009-02-10,,
2009-02-11,,
2009-02-12,,
2009-02-13,,
2009-02-14,,
2009-02-15,,
2009-02-16,,
2009-02-17,,
2009-02-18,,
2009-02-19,,
2009-02-20,,
2009-02-21,,
2009-02-22,,
2009-02-23,,
2009-02-24,,
2009-02-25,,
2009-02-26,,
2009-02-27,,
2009-02-28,,
2009-03-01,,
2009-03-02,,
2009-03-03,,
2009-03-04,,
2009-03-05,,
2009-03-06,,
2009-03-07,,
2009-03-08,,
2009-03-09,,
2009-03-10,,
2009-03-11,,
2009-03-12,,
2009-03-13,,
2009-03-14,,
2009-03-15,,
2009-03-16,,
2009-03-17,,
2009-03-18,,
2009-03-19,,
2009-03-20,,
2009-03-21,,
2009-03-22,,
2009-03-23,,
2009-03-24,,
2009-03-25,,
2009-03-26,,
2009-03-27,,
2009-03-28,,
2009-03-29,,
2009-03-30,,
2009-03-31,,
2009-04-01,,
2009-04-02,,
2009-04-03,,
2009-04-04,,
2009-04-05,,
2009-04-06,,
2009-04-07,,
2009-04-08,,
2009-04-09,,
2009-04-10,,
2009-04-11,,
2009-04-12,,
2009-04-13,,
2009-04-14,,
2009-04-15,,
2009-04-16,,
2009-04-17,,
2009-04-18,,
2009-04-19,,
2009-04-20,,
2009-04-21,,
2009-04-22,,
2009-04-23,,
2009-04-24,,
2009-04-25,,
2009-04-26,,
2009-04-27,,
2009-04-28,,
2009-04-29,,
2009-04-30,,
2009-05-01,,
2009-05-02,,
2009-05-03,,
2009-05-04,,
2009-05-05,,
2009-05-06,,
2009-05-07,,
2009-05-08,,
2009-05-09,,
2009-05-10,,
2009-05-11,,
2009-05-12,,
2009-05-13,,
2009-05-14,,
2009-05-15,,
2009-05-16,,
2009-05-17,,
2009-05-18,,
2009-05-19,,
2009-05-20,,
2009-05-21,,
2009-05-22,,
2009-05-23,,
2009-05-24,,
2009-05-25,,
2009-05-26,,
2009-05-27,,
2009-05-28,,
2009-05-29,,
2009-05-30,,
2009-05-31,,
2009-06-01,,
2009-06-02,,
2009-06-03,,
2009-06-04,,
2009-06-05,,
2009-06-06,,
2009-06-07,,
2009-06-08,,
2009-06-09,,
2009-06-10,,
2009-06-11,,
2009-06-12,,
2009-06-13,,
2009-06-14,,
2009-06-15,,
2009-06-16,,
2009-06-17,,
2009-06-18,,
2009-06-19,,
2009-06-20,,
2009-06-21,,
2009-06-22,,
2009-06-23,,
2009-06-24,,
2009-06-25,,
2009-06-26,,
2009-06-27,,
2009-06-28,,
2009-06-29,,
2009-06-30,,
2009-07-01,,
2009-07-02,,
2009-07-03,,
2009-07-04,,
2009-07-05,,
2009-07-06,,
2009-07-07,,
2009-07-08,,
2009-07-09,,
2009-07-10,,
2009-07-11,,
2009-07-12,,
2009-07-13,,
2009-07-14,,
2009-07-15,,
2009-07-16,,
2009-07-17,,
2009-07-18,,
2009-07-19,,
2009-07-20,,
2009-07-21,,
2009-07-22,,
2009-07-23,,
2009-07-24,,
2009-07-25,,
2009-07-26,,
2009-07-27,,
2009-07-28,,
2009-07-29,,
2009-07-30,,
2009-07-31,,
2009-08-01,,
2009-08-02,,
2009-08-03,,
2009-08-04,,
2009-08-05,,
2009-08-06,,
2009-08-07,,
2009-08-08,,
2009-08-09,,
2009-08-10,,
2009-08-11,,
2009-08-12,,
2009-08-13,,
2009-08-14,,
2009-08-15,,
2009-08-16,,
2009-08-17,,
2009-08-18,,
2009-08-19,,
2009-08-20,,
2009-08-21,,
2009-08-22,,
2009-08-23,,
2009-08-24,,
2009-08-25,,
2009-08-26,,
2009-08-27,,
2009-08-28,,
2009-08-29,,
2009-08-30,,
2009-08-31,,
2009-09-01,,
2009-09-02,,
2009-09-03,,
2009-09-04,,
2009-09-05,,
2009-09-06,,
2009-09-07,,
2009-09-08,,
2009-09-09,,
2009-09-10,,
2009-09-11,,
2009-09-12,,
2009-09-13,,
2009-09-14,,
2009-09-15,,
2009-09-16,,
2009-09-17,,
2009-09-18,,
2009-09-19,,
2009-09-20,,
2009-09-21,,
2009-09-22,,
2009-09-23,,
2009-09-24,,
2009-09-25,,
2009-09-26,,
2009-09-27,,
2009-09-28,,
2009-09-29,,
2009-09-30,,
2009-10-01,26.931875,28.431875
2009-10-02,28.00208333333333,29.50208333333333
2009-10-03,26.91875,28.41875
2009-10-04,27.527083333333334,29.027083333333334
2009-10-05,27.721249999999998,29.221249999999998
2009-10-06,27.76125,29.26125
2009-10-07,27.935833333333335,29.435833333333335
2009-10-08,28.000833333333333,29.500833333333333
2009-10-09,28.27208333333333,29.77208333333333
2009-10-10,27.661666666666665,29.161666666666665
2009-10-11,28.477500000000003,29.977500000000003
2009-10-12,27.268333333333334,28.768333333333334
2009-10-13,26.485833333333332,27.985833333333332
2009-10-14,26.417083333333334,27.917083333333334
2009-10-15,27.065833333333334,28.565833333333334
2009-10-16,27.1925,28.6925
2009-10-17,27.059166666666666,28.559166666666666
2009-10-18,27.886666666666667,29.386666666666667
2009-10-19,28.33458333333333,29.83458333333333
2009-10-20,27.33458333333333,28.83458333333333
2009-10-21,26.930833333333336,28.430833333333336
2009-10-22,27.85875,29.35875
2009-10-23,28.153750000000002,29.653750000000002
2009-10-24,27.714583333333334,29.214583333333334
2009-10-25,27.064999999999998,28.564999999999998
2009-10-26,27.548333333333332,29.048333333333332
2009-10-27,27.557916666666667,29.057916666666667
2009-10-28,26.837083333333336,28.337083333333336
2009-10-29,26.374166666666667,27.874166666666667
2009-10-30,26.395833333333332,27.895833333333332
2009-10-31,26.631666666666664,28.131666666666664
2009-11-01,27.48875,28.98875
2009-11-02,27.100416666666664,28.600416666666664
2009-11-03,27.045833333333334,28.545833333333334
2009-11-04,26.431250000000002,27.931250000000002
2009-11-05,26.199583333333333,27.699583333333333
2009-11-06,26.433333333333334,27.933333333333334
2009-11-07,27.2625,28.7625
2009-11-08,27.804166666666664,29.304166666666664
2009-11-09,26.339166666666667,27.839166666666667
2009-11-10,27.342083333333335,28.842083333333335
2009-11-11,27.327916666666667,28.827916666666667
2009-11-12,27.04125,28.54125
2009-11-13,26.661666666666665,28.161666666666665
2009-11-14,26.787916666666664,28.287916666666664
2009-11-15,26.738333333333333,28.238333333333333
2009-11-16,26.303749999999997,27.803749999999997
2009-11-17,26.5975,28.0975
2009-11-18,26.389583333333334,27.889583333333334
2009-11-19,25.76375,27.26375
2009-11-20,25.889583333333334,27.389583333333334
2009-11-21,26.293333333333333,27.793333333333333
2009-11-22,26.743333333333336,28.243333333333336
2009-11-23,27.27541666666667,28.77541666666667
2009-11-24,27.484583333333333,28.984583333333333
2009-11-25,27.522499999999997,29.022499999999997
2009-11-26,27.519583333333333,29.019583333333333
2009-11-27,27.3775,28.8775
2009-11-28,26.95958333333333,28.45958333333333
2009-11-29,26.179166666666664,27.679166666666664
2009-11-30,26.672083333333333,28.172083333333333
2009-12-01,26.26125,27.76125
2009-12-02,,
2009-12-03,,
2009-12-04,,
2009-12-05,,
2009-12-06,,
2009-12-07,,
2009-12-08,,
2009-12-09,,
2009-12-10,,
2009-12-11,,
2009-12-12,,
2009-12-13,,
2009-12-14,,
2009-12-15,,
2009-12-16,,
2009-12-17,,
2009-12-18,,
2009-12-19,,
2009-12-20,,
2009-12-21,,
2009-12-22,,
2009-12-23,,
2009-12-24,,
2009-12-25,,
2009-12-26,,
2009-12-27,,
2009-12-28,,
2009-12-29,,
2009-12-30,,
2009-12-31,,
2010-01-01,,
2010-01-02,,
2010-01-03,,
2010-01-04,,
2010-01-05,,
2010-01-06,,
2010-01-07,,
2010-01-08,,
2010-01-09,,
2010-01-10,,
2010-01-11,,
2010-01-12,,
2010-01-13,,
2010-01-14,,
2010-01-15,,
2010-01-16,,
2010-01-17,,
2010-01-18,,
2010-01-19,,
2010-01-20,,
2010-01-21,,
2010-01-22,,
2010-01-23,,
2010-01-24,,
2010-01-25,,
2010-01-26,,
2010-01-27,,
2010-01-28,,
2010-01-29,,
2010-01-30,,
2010-01-31,,
2010-02-01,,
2010-02-02,,
2010-02-03,,
2010-02-04,,
2010-02-05,,
2010-02-06,,
2010-02-07,,
2010-02-08,,
2010-02-09,,
2010-02-10,,
2010-02-11,,
2010-02-12,,
2010-02-13,,
2010-02-14,,
2010-02-15,,
2010-02-16,,
2010-02-17,,
2010-02-18,,
2010-02-19,,
2010-02-20,,
2010-02-21,,
2010-02-22,,
2010-02-23,,
2010-02-24,,
2010-02-25,,
2010-02-26,,
2010-02-27,,
2010-02-28,,
2010-03-01,,
2010-03-02,,
2010-03-03,,
2010-03-04,,
2010-03-05,,
2010-03-06,,
2010-03-07,,
2010-03-08,,
2010-03-09,,
2010-03-10,,
2010-03-11,,
2010-03-12,,
2010-03-13,,
2010-03-14,,
2010-03-15,,
2010-03-16,,
2010-03-17,,
2010-03-18,,
2010-03-19,,
2010-03-20,,
2010-03-21,,
2010-03-22,,
2010-03-23,,
2010-03-24,,
2010-03-25,,
2010-03-26,,
2010-03-27,,
2010-03-28,,
2010-03-29,,
2010-03-30,,
2010-03-31,,
2010-04-01,,
2010-04-02,,
2010-04-03,,
2010-04-04,,
2010-04-05,,
2010-04-06,,
2010-04-07,,
2010-04-08,,
2010-04-09,,
2010-04-10,,
2010-04-11,,
2010-04-12,,
2010-04-13,,
2010-04-14,,
2010-04-15,,
2010-04-16,,
2010-04-17,,
2010-04-18,,
2010-04-19,,
2010-04-20,,
2010-04-21,,
2010-04-22,,
2010-04-23,,
2010-04-24,,
2010-04-25,,
2010-04-26,,
2010-04-27,,
2010-04-28,,
2010-04-29,,
2010-04-30,,
2010-05-01,,
2010-05-02,,
2010-05-03,,
2010-05-04,,
2010-05-05,,
2010-05-06,,
2010-05-07,,
2010-05-08,,
2010-05-09,,
2010-05-10,,
2010-05-11,,
2010-05-12,,
2010-05-13,,
2010-05-14,,
2010-05-15,,
2010-05-16,,
2010-05-17,,
2010-05-18,,
2010-05-19,,
2010-05-20,,
2010-05-21,,
2010-05-22,,
2010-05-23,,
2010-05-24,,
2010-05-25,,
2010-05-26,,
2010-05-27,,
2010-05-28,,
2010-05-29,,
2010-05-30,,
2010-05-31,,
2010-06-01,,
2010-06-02,,
2010-06-03,,
2010-06-04,,
2010-06-05,,
2010-06-06,,
2010-06-07,,
2010-06-08,,
2010-06-09,,
2010-06-10,,
2010-06-11,,
2010-06-12,,
2010-06-13,,
2010-06-14,,
2010-06-15,,
2010-06-16,,
2010-06-17,,
2010-06-18,,
2010-06-19,,
2010-06-20,,
2010-06-21,,
2010-06-22,,
2010-06-23,,
2010-06-24,,
2010-06-25,,
2010-06-26,,
2010-06-27,,
2010-06-28,,
2010-06-29,,
2010-06-30,,
2010-07-01,,
2010-07-02,,
2010-07-03,,
2010-07-04,,
2010-07-05,,
2010-07-06,,
2010-07-07,,
2010-07-08,,
2010-07-09,,
2010-07-10,,
2010-07-11,,
2010-07-12,,
2010-07-13,,
2010-07-14,,
2010-07-15,,
2010-07-16,,
2010-07-17,,
2010-07-18,,
2010-07-19,,
2010-07-20,,
2010-07-21,,
2010-07-22,,
2010-07-23,,
2010-07-24,,
2010-07-25,,
2010-07-26,,
2010-07-27,,
2010-07-28,,
2010-07-29,,
2010-07-30,,
2010-07-31,,
2010-08-01,,
2010-08-02,,
2010-08-03,,
2010-08-04,,
2010-08-05,,
2010-08-06,,
2010-08-07,,
2010-08-08,,
2010-08-09,,
2010-08-10,,
2010-08-11,,
2010-08-12,,
2010-08-13,,
2010-08-14,,
2010-08-15,,
2010-08-16,,
2010-08-17,,
2010-08-18,,
2010-08-19,,
2010-08-20,,
2010-08-21,,
2010-08-22,,
2010-08-23,,
2010-08-24,,
2010-08-25,,
2010-08-26,,
2010-08-27,,
2010-08-28,,
2010-08-29,,
2010-08-30,,
2010-08-31,,
2010-09-01,,
2010-09-02,,
2010-09-03,,
2010-09-04,,
2010-09-05,,
2010-09-06,,
2010-09-07,,
2010-09-08,,
2010-09-09,,
2010-09-10,,
2010-09-11,,
2010-09-12,,
2010-09-13,,
2010-09-14,,
2010-09-15,,
2010-09-16,,
2010-09-17,,
2010-09-18,,
2010-09-19,,
2010-09-20,,
2010-09-21,,
2010-09-22,,
2010-09-23,,
2010-09-24,,
2010-09-25,,
2010-09-26,,
2010-09-27,,
2010-09-28,,
2010-09-29,,
2010-09-30,,
2010-10-01,,
2010-10-02,,
2010-10-03,,
2010-10-04,,
2010-10-05,,
2010-10-06,,
2010-10-07,,
2010-10-08,,
2010-10-09,,
2010-10-10,,
2010-10-11,,
2010-10-12,,
2010-10-13,,
2010-10-14,,
2010-10-15,,
2010-10-16,,
2010-10-17,,
2010-10-18,,
2010-10-19,,
2010-10-20,,
2010-10-21,,
2010-10-22,,
2010-10-23,,
2010-10-24,,
2010-10-25,,
2010-10-26,,
2010-10-27,,
2010-10-28,,
2010-10-29,,
2010-10-30,,
2010-10-31,,
2010-11-01,,
2010-11-02,,
2010-11-03,,
2010-11-04,,
2010-11-05,,
2010-11-06,,
2010-11-07,,
2010-11-08,,
2010-11-09,,
2010-11-10,,
2010-11-11,,
2010-11-12,,
2010-11-13,,
2010-11-14,,
2010-11-15,,
2010-11-16,,
2010-11-17,,
2010-11-18,,
2010-11-19,,
2010-11-20,,
2010-11-21,,
2010-11-22,,
2010-11-23,,
2010-11-24,,
2010-11-25,,
2010-11-26,,
2010-11-27,,
2010-11-28,,
2010-11-29,,
2010-11-30,,
2010-12-01,,
2010-12-02,,
2010-12-03,,
2010-12-04,,
2010-12-05,,
2010-12-06,,
2010-12-07,,
2010-12-08,,
2010-12-09,,
2010-12-10,,
2010-12-11,,
2010-12-12,,
2010-12-13,,
2010-12-14,,
2010-12-15,,
2010-12-16,,
2010-12-17,,
2010-12-18,,
2010-12-19,,
2010-12-20,,
2010-12-21,,
2010-12-22,,
2010-12-23,,
2010-12-24,,
2010-12-25,,
2010-12-26,,
2010-12-27,,
2010-12-28,,
2010-12-29,,
2010-12-30,,
2010-12-31,,
2011-01-01,,
2011-01-02,,
2011-01-03,,
2011-01-04,,
2011-01-05,,
2011-01-06,,
2011-01-07,,
2011-01-08,,
2011-01-09,,
2011-01-10,,
2011-01-11,,
2011-01-12,,
2011-01-13,,
2011-01-14,,
2011-01-15,,
2011-01-16,,
2011-01-17,,
2011-01-18,,
2011-01-19,,
2011-01-20,,
2011-01-21,,
2011-01-22,,
2011-01-23,,
2011-01-24,,
2011-01-25,,
2011-01-26,,
2011-01-27,,
2011-01-28,,
2011-01-29,,
2011-01-30,,
2011-01-31,,
2011-02-01,,
2011-02-02,,
2011-02-03,,
2011-02-04,,
2011-02-05,,
2011-02-06,,
2011-02-07,,
2011-02-08,,
2011-02-09,,
2011-02-10,,
2011-02-11,,
2011-02-12,,
2011-02-13,,
2011-02-14,,
2011-02-15,,
2011-02-16,,
2011-02-17,,
2011-02-18,,
2011-02-19,,
2011-02-20,,
2011-02-21,,
2011-02-22,,
2011-02-23,,
2011-02-24,,
2011-02-25,,
2011-02-26,,
2011-02-27,,
2011-02-28,,
2011-03-01,,
2011-03-02,,
2011-03-03,,
2011-03-04,,
2011-03-05,,
2011-03-06,,
2011-03-07,,
2011-03-08,,
2011-03-09,,
2011-03-10,,
2011-03-11,,
2011-03-12,,
2011-03-13,,
2011-03-14,,
2011-03-15,,
2011-03-16,,
2011-03-17,,
2011-03-18,,
2011-03-19,,
2011-03-20,,
2011-03-21,,
2011-03-22,,
2011-03-23,,
2011-03-24,,
2011-03-25,,
2011-03-26,,
2011-03-27,,
2011-03-28,,
2011-03-29,,
2011-03-30,,
2011-03-31,,
2011-04-01,,
2011-04-02,,
2011-04-03,,
2011-04-04,,
2011-04-05,,
2011-04-06,,
2011-04-07,,
2011-04-08,,
2011-04-09,,
2011-04-10,,
2011-04-11,,
2011-04-12,,
2011-04-13,,
2011-04-14,,
2011-04-15,,
2011-04-16,,
2011-04-17,,
2011-04-18,,
2011-04-19,,
2011-04-20,,
2011-04-21,,
2011-04-22,,
2011-04-23,,
2011-04-24,,
2011-04-25,,
2011-04-26,,
2011-04-27,,
2011-04-28,,
2011-04-29,,
2011-04-30,,
2011-05-01,,
2011-05-02,,
2011-05-03,,
2011-05-04,,
2011-05-05,,
2011-05-06,,
2011-05-07,,
2011-05-08,,
2011-05-09,,
2011-05-10,,
2011-05-11,,
2011-05-12,,
2011-05-13,,
2011-05-14,,
2011-05-15,,
2011-05-16,,
2011-05-17,,
2011-05-18,,
2011-05-19,,
2011-05-20,,
2011-05-21,,
2011-05-22,,
2011-05-23,,
2011-05-24,,
2011-05-25,,
2011-05-26,,
2011-05-27,,
2011-05-28,,
2011-05-29,,
2011-05-30,,
2011-05-31,,
2011-06-01,,
2011-06-02,,
2011-06-03,,
2011-06-04,,
2011-06-05,,
2011-06-06,,
2011-06-07,,
2011-06-08,,
2011-06-09,,
2011-06-10,,
2011-06-11,,
2011-06-12,,
2011-06-13,,
2011-06-14,,
2011-06-15,,
2011-06-16,,
2011-06-17,,
2011-06-18,,
2011-06-19,,
2011-06-20,,
2011-06-21,,
2011-06-22,,
2011-06-23,,
2011-06-24,,
2011-06-25,,
2011-06-26,,
2011-06-27,,
2011-06-28,,
2011-06-29,,
2011-06-30,,
2011-07-01,,
2011-07-02,,
2011-07-03,,
2011-07-04,,
2011-07-05,,
2011-07-06,,
2011-07-07,,
2011-07-08,,
2011-07-09,,
2011-07-10,,
2011-07-11,,
2011-07-12,,
2011-07-13,,
2011-07-14,,
2011-07-15,,
2011-07-16,,
2011-07-17,,
2011-07-18,,
2011-07-19,,
2011-07-20,,
2011-07-21,,
2011-07-22,,
2011-07-23,,
2011-07-24,,
2011-07-25,,
2011-07-26,,
2011-07-27,,
2011-07-28,,
2011-07-29,,
2011-07-30,,
2011-07-31,,
2011-08-01,,
2011-08-02,,
2011-08-03,,
2011-08-04,,
2011-08-05,,
2011-08-06,,
2011-08-07,,
2011-08-08,,
2011-08-09,,
2011-08-10,,
2011-08-11,,
2011-08-12,,
2011-08-13,,
2011-08-14,,
2011-08-15,,
2011-08-16,,
2011-08-17,,
2011-08-18,,
2011-08-19,,
2011-08-20,,
2011-08-21,,
2011-08-22,,
2011-08-23,,
2011-08-24,,
2011-08-25,,
2011-08-26,,
2011-08-27,,
2011-08-28,,
2011-08-29,,
2011-08-30,,
2011-08-31,,
2011-09-01,,
2011-09-02,,
2011-09-03,,
2011-09-04,,
2011-09-05,,
2011-09-06,,
2011-09-07,,
2011-09-08,,
2011-09-09,,
2011-09-10,,
2011-09-11,,
2011-09-12,,
2011-09-13,,
2011-09-14,,
2011-09-15,,
2011-09-16,,
2011-09-17,,
2011-09-18,,
2011-09-19,,
2011-09-20,,
2011-09-21,,
2011-09-22,,
2011-09-23,,
2011-09-24,,
2011-09-25,,
2011-09-26,,
2011-09-27,,
2011-09-28,,
2011-09-29,,
2011-09-30,,
2011-10-01,,
2011-10-02,,
2011-10-03,,
2011-10-04,,
2011-10-05,,
2011-10-06,,
2011-10-07,,
2011-10-08,,
2011-10-09,,
2011-10-10,,
2011-10-11,,
2011-10-12,,
2011-10-13,,
2011-10-14,,
2011-10-15,,
2011-10-16,,
2011-10-17,,
2011-10-18,,
2011-10-19,,
2011-10-20,,
2011-10-21,,
2011-10-22,,
2011-10-23,,
2011-10-24,,
2011-10-25,,
2011-10-26,,
2011-10-27,,
2011-10-28,,
2011-10-29,,
2011-10-30,,
2011-10-31,,
2011-11-01,,
2011-11-02,,
2011-11-03,,
2011-11-04,,
2011-11-05,,
2011-11-06,,
2011-11-07,,
2011-11-08,,
2011-11-09,,
2011-11-10,,
2011-11-11,,
2011-11-12,,
2011-11-13,,
2011-11-14,,
2011-11-15,,
2011-11-16,,
2011-11-17,,
2011-11-18,,
2011-11-19,,
2011-11-20,,
2011-11-21,,
2011-11-22,,
2011-11-23,,
2011-11-24,,
2011-11-25,,
2011-11-26,,
2011-11-27,,
2011-11-28,,
2011-11-29,,
2011-11-30,,
2011-12-01,,
2011-12-02,,
2011-12-03,,
2011-12-04,,
2011-12-05,,
2011-12-06,,
2011-12-07,,
2011-12-08,,
2011-12-09,,
2011-12-10,,
2011-12-11,,
2011-12-12,,
2011-12-13,,
2011-12-14,,
2011-12-15,,
2011-12-16,,
2011-12-17,,
2011-12-18,,
2011-12-19,,
2011-12-20,,
2011-12-21,,
2011-12-22,,
2011-12-23,,
2011-12-24,,
2011-12-25,,
2011-12-26,,
2011-12-27,,
2011-12-28,,
2011-12-29,,
2011-12-30,,
2011-12-31,,
2012-01-01,,
2012-01-02,,
2012-01-03,,
2012-01-04,,
2012-01-05,,
2012-01-06,,
2012-01-07,,
2012-01-08,,
2012-01-09,,
2012-01-10,,
2012-01-11,,
2012-01-12,,
2012-01-13,,
2012-01-14,,
2012-01-15,,
2012-01-16,,
2012-01-17,,
2012-01-18,,
2012-01-19,,
2012-01-20,,
2012-01-21,,
2012-01-22,,
2012-01-23,,
2012-01-24,,
2012-01-25,,
2012-01-26,,
2012-01-27,,
2012-01-28,,
2012-01-29,,
2012-01-30,,
2012-01-31,,
2012-02-01,,
2012-02-02,,
2012-02-03,,
2012-02-04,,
2012-02-05,,
2012-02-06,,
2012-02-07,,
2012-02-08,,
2012-02-09,,
2012-02-10,,
2012-02-11,,
2012-02-12,,
2012-02-13,,
2012-02-14,,
2012-02-15,,
2012-02-16,,
2012-02-17,,
2012-02-18,,
2012-02-19,,
2012-02-20,,
2012-02-21,,
2012-02-22,,
2012-02-23,,
2012-02-24,,
2012-02-25,,
2012-02-26,,
2012-02-27,,
2012-02-28,,
2012-02-29,,
2012-03-01,,
2012-03-02,,
2012-03-03,,
2012-03-04,,
2012-03-05,,
2012-03-06,,
2012-03-07,,
2012-03-08,,
2012-03-09,,
2012-03-10,,
2012-03-11,,
2012-03-12,,
2012-03-13,,
2012-03-14,,
2012-03-15,,
2012-03-16,,
2012-03-17,,
2012-03-18,,
2012-03-19,,
2012-03-20,,
2012-03-21,,
2012-03-22,,
2012-03-23,,
2012-03-24,,
2012-03-25,,
2012-03-26,,
2012-03-27,,
2012-03-28,,
2012-03-29,,
2012-03-30,,
2012-03-31,,
2012-04-01,,
2012-04-02,,
2012-04-03,,
2012-04-04,,
2012-04-05,,
2012-04-06,,
2012-04-07,,
2012-04-08,,
2012-04-09,,
2012-04-10,,
2012-04-11,,
2012-04-12,,
2012-04-13,,
2012-04-14,,
2012-04-15,,
2012-04-16,,
2012-04-17,,
2012-04-18,,
2012-04-19,,
2012-04-20,,
2012-04-21,,
2012-04-22,,
2012-04-23,,
2012-04-24,,
2012-04-25,,
2012-04-26,,
2012-04-27,,
2012-04-28,,
2012-04-29,,
2012-04-30,,
2012-05-01,,
2012-05-02,,
2012-05-03,,
2012-05-04,,
2012-05-05,,
2012-05-06,,
2012-05-07,,
2012-05-08,,
2012-05-09,,
2012-05-10,,
2012-05-11,,
2012-05-12,,
2012-05-13,,
2012-05-14,,
2012-05-15,,
2012-05-16,,
2012-05-17,,
2012-05-18,,
2012-05-19,,
2012-05-20,,
2012-05-21,,
2012-05-22,,
2012-05-23,,
2012-05-24,,
2012-05-25,,
2012-05-26,,
2012-05-27,,
2012-05-28,,
2012-05-29,,
2012-05-30,,
2012-05-31,,
2012-06-01,,
2012-06-02,,
2012-06-03,,
2012-06-04,,
2012-06-05,,
2012-06-06,,
2012-06-07,,
2012-06-08,,
2012-06-09,,
2012-06-10,,
2012-06-11,,
2012-06-12,,
2012-06-13,,
2012-06-14,,
2012-06-15,,
2012-06-16,,
2012-06-17,,
2012-06-18,,
2012-06-19,,
2012-06-20,,
2012-06-21,,
2012-06-22,,
2012-06-23,,
2012-06-24,,
2012-06-25,,
2012-06-26,,
2012-06-27,,
2012-06-28,,
2012-06-29,,
2012-06-30,,
2012-07-01,,
2012-07-02,,
2012-07-03,,
2012-07-04,,
2012-07-05,,
2012-07-06,,
2012-07-07,,
2012-07-08,,
2012-07-09,,
2012-07-10,,
2012-07-11,,
2012-07-12,,
2012-07-13,,
2012-07-14,,
2012-07-15,,
2012-07-16,,
2012-07-17,,
2012-07-18,,
2012-07-19,,
2012-07-20,,
2012-07-21,,
2012-07-22,,
2012-07-23,,
2012-07-24,,
2012-07-25,,
2012-07-26,,
2012-07-27,,
2012-07-28,,
2012-07-29,,
2012-07-30,,
2012-07-31,,
2012-08-01,,
2012-08-02,,
2012-08-03,,
2012-08-04,,
2012-08-05,,
2012-08-06,,
2012-08-07,,
2012-08-08,,
2012-08-09,,
2012-08-10,,
2012-08-11,,
2012-08-12,,
2012-08-13,,
2012-08-14,,
2012-08-15,,
2012-08-16,,
2012-08-17,,
2012-08-18,,
2012-08-19,,
2012-08-20,,
2012-08-21,,
2012-08-22,,
2012-08-23,,
2012-08-24,,
2012-08-25,,
2012-08-26,,
2012-08-27,,
2012-08-28,,
2012-08-29,,
2012-08-30,,
2012-08-31,,
2012-09-01,,
2012-09-02,,
2012-09-03,,
2012-09-04,,
2012-09-05,,
2012-09-06,,
2012-09-07,,
2012-09-08,,
2012-09-09,,
2012-09-10,,
2012-09-11,,
2012-09-12,,
2012-09-13,,
2012-09-14,,
2012-09-15,,
2012-09-16,,
2012-09-17,,
2012-09-18,,
2012-09-19,,
2012-09-20,,
2012-09-21,,
2012-09-22,,
2012-09-23,,
2012-09-24,,
2012-09-25,,
2012-09-26,,
2012-09-27,,
2012-09-28,,
2012-09-29,,
2012-09-30,,
2012-10-01,,
2012-10-02,,
2012-10-03,,
2012-10-04,,
2012-10-05,,
2012-10-06,,
2012-10-07,,
2012-10-08,,
2012-10-09,,
2012-10-10,,
2012-10-11,,
2012-10-12,,
2012-10-13,,
2012-10-14,,
2012-10-15,,
2012-10-16,,
2012-10-17,,
2012-10-18,,
2012-10-19,,
2012-10-20,,
2012-10-21,,
2012-10-22,,
2012-10-23,,
2012-10-24,,
2012-10-25,,
2012-10-26,,
2012-10-27,,
2012-10-28,,
2012-10-29,,
2012-10-30,,
2012-10-31,,
2012-11-01,,
2012-11-02,,
2012-11-03,,
2012-11-04,,
2012-11-05,,
2012-11-06,,
2012-11-07,,
2012-11-08,,
2012-11-09,,
2012-11-10,,
2012-11-11,,
2012-11-12,,
2012-11-13,,
2012-11-14,,
2012-11-15,,
2012-11-16,,
2012-11-17,,
2012-11-18,,
2012-11-19,,
2012-11-20,,
2012-11-21,,
2012-11-22,,
2012-11-23,,
2012-11-24,,
2012-11-25,,
2012-11-26,,
2012-11-27,,
2012-11-28,,
2012-11-29,,
2012-11-30,,
2012-12-01,,
2012-12-02,,
2012-12-03,,
2012-12-04,,
2012-12-05,,
2012-12-06,,
2012-12-07,,
2012-12-08,,
2012-12-09,,
2012-12-10,,
2012-12-11,,
2012-12-12,,
2012-12-13,,
2012-12-14,,
2012-12-15,,
2012-12-16,,
2012-12-17,,
2012-12-18,,
2012-12-19,,
2012-12-20,,
2012-12-21,,
2012-12-22,,
2012-12-23,,
2012-12-24,,
2012-12-25,,
2012-12-26,,
2012-12-27,,
2012-12-28,,
2012-12-29,,
2012-12-30,,
2012-12-31,,
2013-01-01,,
2013-01-02,,
2013-01-03,,
2013-01-04,,
2013-01-05,,
2013-01-06,,
2013-01-07,,
2013-01-08,,
2013-01-09,,
2013-01-10,,
2013-01-11,,
2013-01-12,,
2013-01-13,,
2013-01-14,,
2013-01-15,,
2013-01-16,,
2013-01-17,,
2013-01-18,,
2013-01-19,,
2013-01-20,,
2013-01-21,,
2013-01-22,,
2013-01-23,,
2013-01-24,,
2013-01-25,,
2013-01-26,,
2013-01-27,,
2013-01-28,,
2013-01-29,,
2013-01-30,,
2013-01-31,,
2013-02-01,,
2013-02-02,,
2013-02-03,,
2013-02-04,,
2013-02-05,,
2013-02-06,,
2013-02-07,,
2013-02-08,,
2013-02-09,,
2013-02-10,,
2013-02-11,,
2013-02-12,,
2013-02-13,,
2013-02-14,,
2013-02-15,,
2013-02-16,,
2013-02-17,,
2013-02-18,,
2013-02-19,,
2013-02-20,,
2013-02-21,,
2013-02-22,,
2013-02-23,,
2013-02-24,,
2013-02-25,,
2013-02-26,,
2013-02-27,,
2013-02-28,,
2013-03-01,,
2013-03-02,,
2013-03-03,,
2013-03-04,,
2013-03-05,,
2013-03-06,,
2013-03-07,,
2013-03-08,,
2013-03-09,,
2013-03-10,,
2013-03-11,,
2013-03-12,,
2013-03-13,,
2013-03-14,,
2013-03-15,,
2013-03-16,,
2013-03-17,,
2013-03-18,,
2013-03-19,,
2013-03-20,,
2013-03-21,,
2013-03-22,,
2013-03-23,,
2013-03-24,,
2013-03-25,,
2013-03-26,,
2013-03-27,,
2013-03-28,,
2013-03-29,,
2013-03-30,,
2013-03-31,,
2013-04-01,,
2013-04-02,,
2013-04-03,,
2013-04-04,,
2013-04-05,,
2013-04-06,,
2013-04-07,,
2013-04-08,,
2013-04-09,,
2013-04-10,,
2013-04-11,,
2013-04-12,,
2013-04-13,,
2013-04-14,,
2013-04-15,,
2013-04-16,,
2013-04-17,,
2013-04-18,,
2013-04-19,,
2013-04-20,,
2013-04-21,,
2013-04-22,,
2013-04-23,,
2013-04-24,,
2013-04-25,,
2013-04-26,,
2013-04-27,,
2013-04-28,,
2013-04-29,,
2013-04-30,,
2013-05-01,27.50625,29.00625
2013-05-02,27.289583333333336,28.789583333333336
2013-05-03,26.904583333333335,28.404583333333335
2013-05-04,27.724166666666665,29.224166666666665
2013-05-05,27.068749999999998,28.568749999999998
2013-05-06,27.31833333333333,28.81833333333333
2013-05-07,27.08791666666667,28.58791666666667
2013-05-08,27.455416666666665,28.955416666666665
2013-05-09,28.142916666666665,29.642916666666665
2013-05-10,28.8275,30.3275
2013-05-11,28.344583333333333,29.844583333333333
2013-05-12,28.495,29.995
2013-05-13,29.14625,30.64625
2013-05-14,28.877916666666668,30.377916666666668
2013-05-15,28.66416666666667,30.16416666666667
2013-05-16,28.375833333333333,29.875833333333333
2013-05-17,29.1575,30.6575
2013-05-18,28.006249999999998,29.506249999999998
2013-05-19,28.751666666666665,30.251666666666665
2013-05-20,28.724166666666665,30.224166666666665
2013-05-21,27.600416666666664,29.100416666666664
2013-05-22,27.794166666666666,29.294166666666666
2013-05-23,28.805000000000003,30.305000000000003
2013-05-24,27.33666666666667,28.83666666666667
2013-05-25,28.545833333333334,30.045833333333334
2013-05-26,27.407916666666665,28.907916666666665
2013-05-27,28.029583333333335,29.529583333333335
2013-05-28,27.893333333333334,29.393333333333334
2013-05-29,27.47875,28.97875
2013-05-30,27.629166666666666,29.129166666666666
2013-05-31,27.702916666666667,29.202916666666667
2013-06-01,27.54375,29.04375
2013-06-02,,
2013-06-03,,
2013-06-04,,
2013-06-05,,
2013-06-06,,
2013-06-07,,
2013-06-08,,
2013-06-09,,
2013-06-10,,
2013-06-11,,
2013-06-12,,
2013-06-13,,
2013-06-14,,
2013-06-15,,
2013-06-16,,
2013-06-17,,
2013-06-18,,
2013-06-19,,
2013-06-20,,
2013-06-21,,
2013-06-22,,
2013-06-23,,
2013-06-24,,
2013-06-25,,
2013-06-26,,
2013-06-27,,
2013-06-28,,
2013-06-29,,
2013-06-30,,
2013-07-01,28.135625,29.635625
2013-07-02,27.515833333333333,29.015833333333333
2013-07-03,28.13416666666667,29.63416666666667
2013-07-04,27.019166666666667,28.519166666666667
2013-07-05,27.379583333333333,28.879583333333333
2013-07-06,28.172083333333333,29.672083333333333
2013-07-07,28.501666666666665,30.001666666666665
2013-07-08,27.0625,28.5625
2013-07-09,26.395416666666666,27.895416666666666
2013-07-10,27.6425,29.1425
2013-07-11,27.669583333333335,29.169583333333335
2013-07-12,26.660416666666666,28.160416666666666
2013-07-13,27.258333333333336,28.758333333333336
2013-07-14,26.812916666666666,28.312916666666666
2013-07-15,27.719166666666666,29.219166666666666
2013-07-16,26.86916666666667,28.36916666666667
2013-07-17,26.352500000000003,27.852500000000003
2013-07-18,26.835416666666664,28.335416666666664
2013-07-19,27.377916666666668,28.877916666666668
2013-07-20,27.57625,29.07625
2013-07-21,27.635,29.135
2013-07-22,28.24416666666667,29.74416666666667
2013-07-23,28.443749999999998,29.943749999999998
2013-07-24,27.885416666666668,29.385416666666668
2013-07-25,27.085833333333337,28.585833333333337
2013-07-26,27.303749999999997,28.803749999999997
2013-07-27,27.65416666666667,29.15416666666667
2013-07-28,28.242500000000003,29.742500000000003
2013-07-29,27.51125,29.01125
2013-07-30,27.697916666666668,29.197916666666668
2013-07-31,27.45125,28.95125
2013-08-01,26.935000000000002,28.435000000000002
2013-08-02,,
2013-08-03,,
2013-08-04,,
2013-08-05,,
2013-08-06,,
2013-08-07,,
2013-08-08,,
2013-08-09,,
2013-08-10,,
2013-08-11,,
2013-08-12,,
2013-08-13,,
2013-08-14,,
2013-08-15,,
2013-08-16,,
2013-08-17,,
2013-08-18,,
2013-08-19,,
2013-08-20,,
2013-08-21,,
2013-08-22,,
2013-08-23,,
2013-08-24,,
2013-08-25,,
2013-08-26,,
2013-08-27,,
2013-08-28,,
2013-08-29,,
2013-08-30,,
2013-08-31,,
2013-09-01,26.4075,27.9075
2013-09-02,26.145,27.645
2013-09-03,26.3225,27.8225
2013-09-04,26.203333333333333,27.703333333333333
2013-09-05,26.284166666666664,27.784166666666664
2013-09-06,26.04875,27.54875
2013-09-07,26.89375,28.39375
2013-09-08,26.30458333333333,27.80458333333333
2013-09-09,26.151666666666667,27.651666666666667
2013-09-10,26.044166666666666,27.544166666666666
2013-09-11,27.32875,28.82875
2013-09-12,26.96291666666667,28.46291666666667
2013-09-13,27.407916666666665,28.907916666666665
2013-09-14,26.70125,28.20125
2013-09-15,26.454583333333332,27.954583333333332
2013-09-16,27.474999999999998,28.974999999999998
2013-09-17,26.97583333333333,28.47583333333333
2013-09-18,27.75375,29.25375
2013-09-19,27.768333333333334,29.268333333333334
2013-09-20,28.07041666666667,29.57041666666667
2013-09-21,28.06458333333333,29.56458333333333
2013-09-22,28.317083333333333,29.817083333333333
2013-09-23,28.244583333333335,29.744583333333335
2013-09-24,28.285416666666666,29.785416666666666
2013-09-25,28.28625,29.78625
2013-09-26,28.0725,29.5725
2013-09-27,27.41416666666667,28.91416666666667
2013-09-28,26.827916666666667,28.327916666666667
2013-09-29,26.682083333333335,28.182083333333335
2013-09-30,27.185833333333335,28.685833333333335
2013-10-01,27.6925,29.1925
2013-10-02,,
2013-10-03,,
2013-10-04,,
2013-10-05,,
2013-10-06,,
2013-10-07,,
2013-10-08,,
2013-10-09,,
2013-10-10,,
2013-10-11,,
2013-10-12,,
2013-10-13,,
2013-10-14,,
2013-10-15,,
2013-10-16,,
2013-10-17,,
2013-10-18,,
2013-10-19,,
2013-10-20,,
2013-10-21,,
2013-10-22,,
2013-10-23,,
2013-10-24,,
2013-10-25,,
2013-10-26,,
2013-10-27,,
2013-10-28,,
2013-10-29,,
2013-10-30,,
2013-10-31,,
2013-11-01,,
2013-11-02,,
2013-11-03,,
2013-11-04,,
2013-11-05,,
2013-11-06,,
2013-11-07,,
2013-11-08,,
2013-11-09,,
2013-11-10,,
2013-11-11,,
2013-11-12,,
2013-11-13,,
2013-11-14,,
2013-11-15,,
2013-11-16,,
2013-11-17,,
2013-11-18,,
2013-11-19,,
2013-11-20,,
2013-11-21,,
2013-11-22,,
2013-11-23,,
2013-11-24,,
2013-11-25,,
2013-11-26,,
2013-11-27,,
2013-11-28,,
2013-11-29,,
2013-11-30,,
2013-12-01,,
2013-12-02,,
2013-12-03,,
2013-12-04,,
2013-12-05,,
2013-12-06,,
2013-12-07,,
2013-12-08,,
2013-12-09,,
2013-12-10,,
2013-12-11,,
2013-12-12,,
2013-12-13,,
2013-12-14,,
2013-12-15,,
2013-12-16,,
2013-12-17,,
2013-12-18,,
2013-12-19,,
2013-12-20,,
2013-12-21,,
2013-12-22,,
2013-12-23,,
2013-12-24,,
2013-12-25,,
2013-12-26,,
2013-12-27,,
2013-12-28,,
2013-12-29,,
2013-12-30,,
2013-12-31,,
2014-01-01,,
2014-01-02,,
2014-01-03,,
2014-01-04,,
2014-01-05,,
2014-01-06,,
2014-01-07,,
2014-01-08,,
2014-01-09,,
2014-01-10,,
2014-01-11,,
2014-01-12,,
2014-01-13,,
2014-01-14,,
2014-01-15,,
2014-01-16,,
2014-01-17,,
2014-01-18,,
2014-01-19,,
2014-01-20,,
2014-01-21,,
2014-01-22,,
2014-01-23,,
2014-01-24,,
2014-01-25,,
2014-01-26,,
2014-01-27,,
2014-01-28,,
2014-01-29,,
2014-01-30,,
2014-01-31,,
2014-02-01,,
2014-02-02,,
2014-02-03,,
2014-02-04,,
2014-02-05,,
2014-02-06,,
2014-02-07,,
2014-02-08,,
2014-02-09,,
2014-02-10,,
2014-02-11,,
2014-02-12,,
2014-02-13,,
2014-02-14,,
2014-02-15,,
2014-02-16,,
2014-02-17,,
2014-02-18,,
2014-02-19,,
2014-02-20,,
2014-02-21,,
2014-02-22,,
2014-02-23,,
2014-02-24,,
2014-02-25,,
2014-02-26,,
2014-02-27,,
2014-02-28,,
2014-03-01,,
2014-03-02,,
2014-03-03,,
2014-03-04,,
2014-03-05,,
2014-03-06,,
2014-03-07,,
2014-03-08,,
2014-03-09,,
2014-03-10,,
2014-03-11,,
2014-03-12,,
2014-03-13,,
2014-03-14,,
2014-03-15,,
2014-03-16,,
2014-03-17,,
2014-03-18,,
2014-03-19,,
2014-03-20,,
2014-03-21,,
2014-03-22,,
2014-03-23,,
2014-03-24,,
2014-03-25,,
2014-03-26,,
2014-03-27,,
2014-03-28,,
2014-03-29,,
2014-03-30,,
2014-03-31,,
2014-04-01,27.746875,29.246875
2014-04-02,27.343333333333334,28.843333333333334
2014-04-03,27.627916666666668,29.127916666666668
2014-04-04,27.3875,28.8875
2014-04-05,26.67958333333333,28.17958333333333
2014-04-06,27.361666666666665,28.861666666666665
2014-04-07,27.919166666666666,29.419166666666666
2014-04-08,27.366249999999997,28.866249999999997
2014-04-09,27.44666666666667,28.94666666666667
2014-04-10,27.37125,28.87125
2014-04-11,27.590416666666666,29.090416666666666
2014-04-12,27.051666666666666,28.551666666666666
2014-04-13,27.460416666666664,28.960416666666664
2014-04-14,27.249583333333334,28.749583333333334
2014-04-15,27.314166666666665,28.814166666666665
2014-04-16,26.89125,28.39125
2014-04-17,27.33875,28.83875
2014-04-18,27.375,28.875
2014-04-19,27.88083333333333,29.38083333333333
2014-04-20,27.713333333333335,29.213333333333335
2014-04-21,26.924166666666665,28.424166666666665
2014-04-22,28.035416666666666,29.535416666666666
2014-04-23,27.38625,28.88625
2014-04-24,27.340833333333336,28.840833333333336
2014-04-25,28.160416666666666,29.660416666666666
2014-04-26,27.067916666666665,28.567916666666665
2014-04-27,27.0275,28.5275
2014-04-28,27.314999999999998,28.814999999999998
2014-04-29,27.622500000000002,29.122500000000002
2014-04-30,27.779583333333335,29.279583333333335
2014-05-01,26.73625,28.23625
2014-05-02,,
2014-05-03,,
2014-05-04,,
2014-05-05,,
2014-05-06,,
2014-05-07,,
2014-05-08,,
2014-05-09,,
2014-05-10,,
2014-05-11,,
2014-05-12,,
2014-05-13,,
2014-05-14,,
2014-05-15,,
2014-05-16,,
2014-05-17,,
2014-05-18,,
2014-05-19,,
2014-05-20,,
2014-05-21,,
2014-05-22,,
2014-05-23,,
2014-05-24,,
2014-05-25,,
2014-05-26,,
2014-05-27,,
2014-05-28,,
2014-05-29,,
2014-05-30,,
2014-05-31,,
2014-06-01,27.619375,29.119375
2014-06-02,27.750833333333333,29.250833333333333
2014-06-03,27.946250000000003,29.446250000000003
2014-06-04,27.43875,28.93875
2014-06-05,27.329583333333332,28.829583333333332
2014-06-06,27.73125,29.23125
2014-06-07,28.6375,30.1375
2014-06-08,28.826666666666668,30.326666666666668
2014-06-09,29.060833333333335,30.560833333333335
2014-06-10,28.727083333333336,30.227083333333336
2014-06-11,28.738333333333333,30.238333333333333
2014-06-12,28.09375,29.59375
2014-06-13,28.027083333333334,29.527083333333334
2014-06-14,27.629583333333333,29.129583333333333
2014-06-15,28.922916666666666,30.422916666666666
2014-06-16,28.592916666666667,30.092916666666667
2014-06-17,29.172916666666666,30.672916666666666
2014-06-18,27.847916666666666,29.347916666666666
2014-06-19,29.015,30.515
2014-06-20,29.214583333333334,30.714583333333334
2014-06-21,29.616666666666664,31.116666666666664
2014-06-22,29.16208333333333,30.66208333333333
2014-06-23,29.39125,30.89125
2014-06-24,28.61791666666667,30.11791666666667
2014-06-25,28.20958333333333,29.70958333333333
2014-06-26,28.635833333333334,30.135833333333334
2014-06-27,27.981666666666666,29.481666666666666
2014-06-28,28.266666666666666,29.766666666666666
2014-06-29,28.024583333333336,29.524583333333336
2014-06-30,27.28625,28.78625
2014-07-01,27.58125,29.08125
2014-07-02,,
2014-07-03,,
2014-07-04,,
2014-07-05,,
2014-07-06,,
2014-07-07,,
2014-07-08,,
2014-07-09,,
2014-07-10,,
2014-07-11,,
2014-07-12,,
2014-07-13,,
2014-07-14,,
2014-07-15,,
2014-07-16,,
2014-07-17,,
2014-07-18,,
2014-07-19,,
2014-07-20,,
2014-07-21,,
2014-07-22,,
2014-07-23,,
2014-07-24,,
2014-07-25,,
2014-07-26,,
2014-07-27,,
2014-07-28,,
2014-07-29,,
2014-07-30,,
2014-07-31,,
2014-08-01,,
2014-08-02,,
2014-08-03,,
2014-08-04,,
2014-08-05,,
2014-08-06,,
2014-08-07,,
2014-08-08,,
2014-08-09,,
2014-08-10,,
2014-08-11,,
2014-08-12,,
2014-08-13,,
2014-08-14,,
2014-08-15,,
2014-08-16,,
2014-08-17,,
2014-08-18,,
2014-08-19,,
2014-08-20,,
2014-08-21,,
2014-08-22,,
2014-08-23,,
2014-08-24,,
2014-08-25,,
2014-08-26,,
2014-08-27,,
2014-08-28,,
2014-08-29,,
2014-08-30,,
2014-08-31,,
2014-09-01,,
2014-09-02,,
2014-09-03,,
2014-09-04,,
2014-09-05,,
2014-09-06,,
2014-09-07,,
2014-09-08,,
2014-09-09,,
2014-09-10,,
2014-09-11,,
2014-09-12,,
2014-09-13,,
2014-09-14,,
2014-09-15,,
2014-09-16,,
2014-09-17,,
2014-09-18,,
2014-09-19,,
2014-09-20,,
2014-09-21,,
2014-09-22,,
2014-09-23,,
2014-09-24,,
2014-09-25,,
2014-09-26,,
2014-09-27,,
2014-09-28,,
2014-09-29,,
2014-09-30,,
2014-10-01,,
2014-10-02,,
2014-10-03,,
2014-10-04,,
2014-10-05,,
2014-10-06,,
2014-10-07,,
2014-10-08,,
2014-10-09,,
2014-10-10,,
2014-10-11,,
2014-10-12,,
2014-10-13,,
2014-10-14,,
2014-10-15,,
2014-10-16,,
2014-10-17,,
2014-10-18,,
2014-10-19,,
2014-10-20,,
2014-10-21,,
2014-10-22,,
2014-10-23,,
2014-10-24,,
2014-10-25,,
2014-10-26,,
2014-10-27,,
2014-10-28,,
2014-10-29,,
2014-10-30,,
2014-10-31,,
2014-11-01,,
2014-11-02,,
2014-11-03,,
2014-11-04,,
2014-11-05,,
2014-11-06,,
2014-11-07,,
2014-11-08,,
2014-11-09,,
2014-11-10,,
2014-11-11,,
2014-11-12,,
2014-11-13,,
2014-11-14,,
2014-11-15,,
2014-11-16,,
2014-11-17,,
2014-11-18,,
2014-11-19,,
2014-11-20,,
2014-11-21,,
2014-11-22,,
2014-11-23,,
2014-11-24,,
2014-11-25,,
2014-11-26,,
2014-11-27,,
2014-11-28,,
2014-11-29,,
2014-11-30,,
2014-12-01,,
2014-12-02,,
2014-12-03,,
2014-12-04,,
2014-12-05,,
2014-12-06,,
2014-12-07,,
2014-12-08,,
2014-12-09,,
2014-12-10,,
2014-12-11,,
2014-12-12,,
2014-12-13,,
2014-12-14,,
2014-12-15,,
2014-12-16,,
2014-12-17,,
2014-12-18,,
2014-12-19,,
2014-12-20,,
2014-12-21,,
2014-12-22,,
2014-12-23,,
2014-12-24,,
2014-12-25,,
2014-12-26,,
2014-12-27,,
2014-12-28,,
2014-12-29,,
2014-12-30,,
2014-12-31,,
2015-01-01,,
2015-01-02,,
2015-01-03,,
2015-01-04,,
2015-01-05,,
2015-01-06,,
2015-01-07,,
2015-01-08,,
2015-01-09,,
2015-01-10,,
2015-01-11,,
2015-01-12,,
2015-01-13,,
2015-01-14,,
2015-01-15,,
2015-01-16,,
2015-01-17,,
2015-01-18,,
2015-01-19,,
2015-01-20,,
2015-01-21,,
2015-01-22,,
2015-01-23,,
2015-01-24,,
2015-01-25,,
2015-01-26,,
2015-01-27,,
2015-01-28,,
2015-01-29,,
2015-01-30,,
2015-01-31,,
2015-02-01,,
2015-02-02,,
2015-02-03,,
2015-02-04,,
2015-02-05,,
2015-02-06,,
2015-02-07,,
2015-02-08,,
2015-02-09,,
2015-02-10,,
2015-02-11,,
2015-02-12,,
2015-02-13,,
2015-02-14,,
2015-02-15,,
2015-02-16,,
2015-02-17,,
2015-02-18,,
2015-02-19,,
2015-02-20,,
2015-02-21,,
2015-02-22,,
2015-02-23,,
2015-02-24,,
2015-02-25,,
2015-02-26,,
2015-02-27,,
2015-02-28,,
2015-03-01,,
2015-03-02,,
2015-03-03,,
2015-03-04,,
2015-03-05,,
2015-03-06,,
2015-03-07,,
2015-03-08,,
2015-03-09,,
2015-03-10,,
2015-03-11,,
2015-03-12,,
2015-03-13,,
2015-03-14,,
2015-03-15,,
2015-03-16,,
2015-03-17,,
2015-03-18,,
2015-03-19,,
2015-03-20,,
2015-03-21,,
2015-03-22,,
2015-03-23,,
2015-03-24,,
2015-03-25,,
2015-03-26,,
2015-03-27,,
2015-03-28,,
2015-03-29,,
2015-03-30,,
2015-03-31,,
2015-04-01,,
2015-04-02,,
2015-04-03,,
2015-04-04,,
2015-04-05,,
2015-04-06,,
2015-04-07,,
2015-04-08,,
2015-04-09,,
2015-04-10,,
2015-04-11,,
2015-04-12,,
2015-04-13,,
2015-04-14,,
2015-04-15,,
2015-04-16,,
2015-04-17,,
2015-04-18,,
2015-04-19,,
2015-04-20,,
2015-04-21,,
2015-04-22,,
2015-04-23,,
2015-04-24,,
2015-04-25,,
2015-04-26,,
2015-04-27,,
2015-04-28,,
2015-04-29,,
2015-04-30,,
2015-05-01,,
2015-05-02,,
2015-05-03,,
2015-05-04,,
2015-05-05,,
2015-05-06,,
2015-05-07,,
2015-05-08,,
2015-05-09,,
2015-05-10,,
2015-05-11,,
2015-05-12,,
2015-05-13,,
2015-05-14,,
2015-05-15,,
2015-05-16,,
2015-05-17,,
2015-05-18,,
2015-05-19,,
2015-05-20,,
2015-05-21,,
2015-05-22,,
2015-05-23,,
2015-05-24,,
2015-05-25,,
2015-05-26,,
2015-05-27,,
2015-05-28,,
2015-05-29,,
2015-05-30,,
2015-05-31,,
2015-06-01,,
2015-06-02,,
2015-06-03,,
2015-06-04,,
2015-06-05,,
2015-06-06,,
2015-06-07,,
2015-06-08,,
2015-06-09,,
2015-06-10,,
2015-06-11,,
2015-06-12,,
2015-06-13,,
2015-06-14,,
2015-06-15,,
2015-06-16,,
2015-06-17,,
2015-06-18,,
2015-06-19,,
2015-06-20,,
2015-06-21,,
2015-06-22,,
2015-06-23,,
2015-06-24,,
2015-06-25,,
2015-06-26,,
2015-06-27,,
2015-06-28,,
2015-06-29,,
2015-06-30,,
2015-07-01,,
2015-07-02,,
2015-07-03,,
2015-07-04,,
2015-07-05,,
2015-07-06,,
2015-07-07,,
2015-07-08,,
2015-07-09,,
2015-07-10,,
2015-07-11,,
2015-07-12,,
2015-07-13,,
2015-07-14,,
2015-07-15,,
2015-07-16,,
2015-07-17,,
2015-07-18,,
2015-07-19,,
2015-07-20,,
2015-07-21,,
2015-07-22,,
2015-07-23,,
2015-07-24,,
2015-07-25,,
2015-07-26,,
2015-07-27,,
2015-07-28,,
2015-07-29,,
2015-07-30,,
2015-07-31,,
2015-08-01,,
2015-08-02,,
2015-08-03,,
2015-08-04,,
2015-08-05,,
2015-08-06,,
2015-08-07,,
2015-08-08,,
2015-08-09,,
2015-08-10,,
2015-08-11,,
2015-08-12,,
2015-08-13,,
2015-08-14,,
2015-08-15,,
2015-08-16,,
2015-08-17,,
2015-08-18,,
2015-08-19,,
2015-08-20,,
2015-08-21,,
2015-08-22,,
2015-08-23,,
2015-08-24,,
2015-08-25,,
2015-08-26,,
2015-08-27,,
2015-08-28,,
2015-08-29,,
2015-08-30,,
2015-08-31,,
2015-09-01,,
2015-09-02,,
2015-09-03,,
2015-09-04,,
2015-09-05,,
2015-09-06,,
2015-09-07,,
2015-09-08,,
2015-09-09,,
2015-09-10,,
2015-09-11,,
2015-09-12,,
2015-09-13,,
2015-09-14,,
2015-09-15,,
2015-09-16,,
2015-09-17,,
2015-09-18,,
2015-09-19,,
2015-09-20,,
2015-09-21,,
2015-09-22,,
2015-09-23,,
2015-09-24,,
2015-09-25,,
2015-09-26,,
2015-09-27,,
2015-09-28,,
2015-09-29,,
2015-09-30,,
2015-10-01,,
2015-10-02,,
2015-10-03,,
2015-10-04,,
2015-10-05,,
2015-10-06,,
2015-10-07,,
2015-10-08,,
2015-10-09,,
2015-10-10,,
2015-10-11,,
2015-10-12,,
2015-10-13,,
2015-10-14,,
2015-10-15,,
2015-10-16,,
2015-10-17,,
2015-10-18,,
2015-10-19,,
2015-10-20,,
2015-10-21,,
2015-10-22,,
2015-10-23,,
2015-10-24,,
2015-10-25,,
2015-10-26,,
2015-10-27,,
2015-10-28,,
2015-10-29,,
2015-10-30,,
2015-10-31,,
2015-11-01,,
2015-11-02,,
2015-11-03,,
2015-11-04,,
2015-11-05,,
2015-11-06,,
2015-11-07,,
2015-11-08,,
2015-11-09,,
2015-11-10,,
2015-11-11,,
2015-11-12,,
2015-11-13,,
2015-11-14,,
2015-11-15,,
2015-11-16,,
2015-11-17,,
2015-11-18,,
2015-11-19,,
2015-11-20,,
2015-11-21,,
2015-11-22,,
2015-11-23,,
2015-11-24,,
2015-11-25,,
2015-11-26,,
2015-11-27,,
2015-11-28,,
2015-11-29,,
2015-11-30,,
2015-12-01,,
2015-12-02,,
2015-12-03,,
2015-12-04,,
2015-12-05,,
2015-12-06,,
2015-12-07,,
2015-12-08,,
2015-12-09,,
2015-12-10,,
2015-12-11,,
2015-12-12,,
2015-12-13,,
2015-12-14,,
2015-12-15,,
2015-12-16,,
2015-12-17,,
2015-12-18,,
2015-12-19,,
2015-12-20,,
2015-12-21,,
2015-12-22,,
2015-12-23,,
2015-12-24,,
2015-12-25,,
2015-12-26,,
2015-12-27,,
2015-12-28,,
2015-12-29,,
2015-12-30,,
2015-12-31,,
2016-01-01,,
2016-01-02,,
2016-01-03,,
2016-01-04,,
2016-01-05,,
2016-01-06,,
2016-01-07,,
2016-01-08,,
2016-01-09,,
2016-01-10,,
2016-01-11,,
2016-01-12,,
2016-01-13,,
2016-01-14,,
2016-01-15,,
2016-01-16,,
2016-01-17,,
2016-01-18,,
2016-01-19,,
2016-01-20,,
2016-01-21,,
2016-01-22,,
2016-01-23,,
2016-01-24,,
2016-01-25,,
2016-01-26,,
2016-01-27,,
2016-01-28,,
2016-01-29,,
2016-01-30,,
2016-01-31,,
2016-02-01,,
2016-02-02,,
2016-02-03,,
2016-02-04,,
2016-02-05,,
2016-02-06,,
2016-02-07,,
2016-02-08,,
2016-02-09,,
2016-02-10,,
2016-02-11,,
2016-02-12,,
2016-02-13,,
2016-02-14,,
2016-02-15,,
2016-02-16,,
2016-02-17,,
2016-02-18,,
2016-02-19,,
2016-02-20,,
2016-02-21,,
2016-02-22,,
2016-02-23,,
2016-02-24,,
2016-02-25,,
2016-02-26,,
2016-02-27,,
2016-02-28,,
2016-02-29,,
2016-03-01,,
2016-03-02,,
2016-03-03,,
2016-03-04,,
2016-03-05,,
2016-03-06,,
2016-03-07,,
2016-03-08,,
2016-03-09,,
2016-03-10,,
2016-03-11,,
2016-03-12,,
2016-03-13,,
2016-03-14,,
2016-03-15,,
2016-03-16,,
2016-03-17,,
2016-03-18,,
2016-03-19,,
2016-03-20,,
2016-03-21,,
2016-03-22,,
2016-03-23,,
2016-03-24,,
2016-03-25,,
2016-03-26,,
2016-03-27,,
2016-03-28,,
2016-03-29,,
2016-03-30,,
2016-03-31,,
2016-04-01,,
2016-04-02,,
2016-04-03,,
2016-04-04,,
2016-04-05,,
2016-04-06,,
2016-04-07,,
2016-04-08,,
2016-04-09,,
2016-04-10,,
2016-04-11,,
2016-04-12,,
2016-04-13,,
2016-04-14,,
2016-04-15,,
2016-04-16,,
2016-04-17,,
2016-04-18,,
2016-04-19,,
2016-04-20,,
2016-04-21,,
2016-04-22,,
2016-04-23,,
2016-04-24,,
2016-04-25,,
2016-04-26,,
2016-04-27,,
2016-04-28,,
2016-04-29,,
2016-04-30,,
2016-05-01,,
2016-05-02,,
2016-05-03,,
2016-05-04,,
2016-05-05,,
2016-05-06,,
2016-05-07,,
2016-05-08,,
2016-05-09,,
2016-05-10,,
2016-05-11,,
2016-05-12,,
2016-05-13,,
2016-05-14,,
2016-05-15,,
2016-05-16,,
2016-05-17,,
2016-05-18,,
2016-05-19,,
2016-05-20,,
2016-05-21,,
2016-05-22,,
2016-05-23,,
2016-05-24,,
2016-05-25,,
2016-05-26,,
2016-05-27,,
2016-05-28,,
2016-05-29,,
2016-05-30,,
2016-05-31,,
2016-06-01,,
2016-06-02,,
2016-06-03,,
2016-06-04,,
2016-06-05,,
2016-06-06,,
2016-06-07,,
2016-06-08,,
2016-06-09,,
2016-06-10,,
2016-06-11,,
2016-06-12,,
2016-06-13,,
2016-06-14,,
2016-06-15,,
2016-06-16,,
2016-06-17,,
2016-06-18,,
2016-06-19,,
2016-06-20,,
2016-06-21,,
2016-06-22,,
2016-06-23,,
2016-06-24,,
2016-06-25,,
2016-06-26,,
2016-06-27,,
2016-06-28,,
2016-06-29,,
2016-06-30,,
2016-07-01,,
2016-07-02,,
2016-07-03,,
2016-07-04,,
2016-07-05,,
2016-07-06,,
2016-07-07,,
2016-07-08,,
2016-07-09,,
2016-07-10,,
2016-07-11,,
2016-07-12,,
2016-07-13,,
2016-07-14,,
2016-07-15,,
2016-07-16,,
2016-07-17,,
2016-07-18,,
2016-07-19,,
2016-07-20,,
2016-07-21,,
2016-07-22,,
2016-07-23,,
2016-07-24,,
2016-07-25,,
2016-07-26,,
2016-07-27,,
2016-07-28,,
2016-07-29,,
2016-07-30,,
2016-07-31,,
2016-08-01,,
2016-08-02,,
2016-08-03,,
2016-08-04,,
2016-08-05,,
2016-08-06,,
2016-08-07,,
2016-08-08,,
2016-08-09,,
2016-08-10,,
2016-08-11,,
2016-08-12,,
2016-08-13,,
2016-08-14,,
2016-08-15,,
2016-08-16,,
2016-08-17,,
2016-08-18,,
2016-08-19,,
2016-08-20,,
2016-08-21,,
2016-08-22,,
2016-08-23,,
2016-08-24,,
2016-08-25,,
2016-08-26,,
2016-08-27,,
2016-08-28,,
2016-08-29,,
2016-08-30,,
2016-08-31,,
2016-09-01,,
2016-09-02,,
2016-09-03,,
2016-09-04,,
2016-09-05,,
2016-09-06,,
2016-09-07,,
2016-09-08,,
2016-09-09,,
2016-09-10,,
2016-09-11,,
2016-09-12,,
2016-09-13,,
2016-09-14,,
2016-09-15,,
2016-09-16,,
2016-09-17,,
2016-09-18,,
2016-09-19,,
2016-09-20,,
2016-09-21,,
2016-09-22,,
2016-09-23,,
2016-09-24,,
2016-09-25,,
2016-09-26,,
2016-09-27,,
2016-09-28,,
2016-09-29,,
2016-09-30,,
2016-10-01,,
2016-10-02,,
2016-10-03,,
2016-10-04,,
2016-10-05,,
2016-10-06,,
2016-10-07,,
2016-10-08,,
2016-10-09,,
2016-10-10,,
2016-10-11,,
2016-10-12,,
2016-10-13,,
2016-10-14,,
2016-10-15,,
2016-10-16,,
2016-10-17,,
2016-10-18,,
2016-10-19,,
2016-10-20,,
2016-10-21,,
2016-10-22,,
2016-10-23,,
2016-10-24,,
2016-10-25,,
2016-10-26,,
2016-10-27,,
2016-10-28,,
2016-10-29,,
2016-10-30,,
2016-10-31,,
2016-11-01,,
2016-11-02,,
2016-11-03,,
2016-11-04,,
2016-11-05,,
2016-11-06,,
2016-11-07,,
2016-11-08,,
2016-11-09,,
2016-11-10,,
2016-11-11,,
2016-11-12,,
2016-11-13,,
2016-11-14,,
2016-11-15,,
2016-11-16,,
2016-11-17,,
2016-11-18,,
2016-11-19,,
2016-11-20,,
2016-11-21,,
2016-11-22,,
2016-11-23,,
2016-11-24,,
2016-11-25,,
2016-11-26,,
2016-11-27,,
2016-11-28,,
2016-11-29,,
2016-11-30,,
2016-12-01,,
2016-12-02,,
2016-12-03,,
2016-12-04,,
2016-12-05,,
2016-12-06,,
2016-12-07,,
2016-12-08,,
2016-12-09,,
2016-12-10,,
2016-12-11,,
2016-12-12,,
2016-12-13,,
2016-12-14,,
2016-12-15,,
2016-12-16,,
2016-12-17,,
2016-12-18,,
2016-12-19,,
2016-12-20,,
2016-12-21,,
2016-12-22,,
2016-12-23,,
2016-12-24,,
2016-12-25,,
2016-12-26,,
2016-12-27,,
2016-12-28,,
2016-12-29,,
2016-12-30,,
2016-12-31,,
2017-01-01,,
2017-01-02,,
2017-01-03,,
2017-01-04,,
2017-01-05,,
2017-01-06,,
2017-01-07,,
2017-01-08,,
2017-01-09,,
2017-01-10,,
2017-01-11,,
2017-01-12,,
2017-01-13,,
2017-01-14,,
2017-01-15,,
2017-01-16,,
2017-01-17,,
2017-01-18,,
2017-01-19,,
2017-01-20,,
2017-01-21,,
2017-01-22,,
2017-01-23,,
2017-01-24,,
2017-01-25,,
2017-01-26,,
2017-01-27,,
2017-01-28,,
2017-01-29,,
2017-01-30,,
2017-01-31,,
2017-02-01,,
2017-02-02,,
2017-02-03,,
2017-02-04,,
2017-02-05,,
2017-02-06,,
2017-02-07,,
2017-02-08,,
2017-02-09,,
2017-02-10,,
2017-02-11,,
2017-02-12,,
2017-02-13,,
2017-02-14,,
2017-02-15,,
2017-02-16,,
2017-02-17,,
2017-02-18,,
2017-02-19,,
2017-02-20,,
2017-02-21,,
2017-02-22,,
2017-02-23,,
2017-02-24,,
2017-02-25,,
2017-02-26,,
2017-02-27,,
2017-02-28,,
2017-03-01,25.791875,27.291875
2017-03-02,25.6825,27.1825
2017-03-03,25.730833333333333,27.230833333333333
2017-03-04,26.057916666666667,27.557916666666667
2017-03-05,26.35625,27.85625
2017-03-06,26.765,28.265
2017-03-07,26.6125,28.1125
2017-03-08,26.697083333333335,28.197083333333335
2017-03-09,26.799166666666665,28.299166666666665
2017-03-10,27.1125,28.6125
2017-03-11,26.917916666666667,28.417916666666667
2017-03-12,26.661666666666665,28.161666666666665
2017-03-13,26.687083333333334,28.187083333333334
2017-03-14,26.41208333333333,27.91208333333333
2017-03-15,27.765,29.265
2017-03-16,27.24291666666667,28.74291666666667
2017-03-17,26.675833333333333,28.175833333333333
2017-03-18,27.085416666666664,28.585416666666664
2017-03-19,27.02208333333333,28.52208333333333
2017-03-20,26.747500000000002,28.247500000000002
2017-03-21,27.560833333333335,29.060833333333335
2017-03-22,27.41333333333333,28.91333333333333
2017-03-23,28.022499999999997,29.522499999999997
2017-03-24,27.355,28.855
2017-03-25,27.561666666666667,29.061666666666667
2017-03-26,27.155833333333334,28.655833333333334
2017-03-27,27.19875,28.69875
2017-03-28,26.480416666666667,27.980416666666667
2017-03-29,26.39833333333333,27.89833333333333
2017-03-30,26.558333333333334,28.058333333333334
2017-03-31,27.375416666666666,28.875416666666666
2017-04-01,27.22625,28.72625
2017-04-02,,
2017-04-03,,
2017-04-04,,
2017-04-05,,
2017-04-06,,
2017-04-07,,
2017-04-08,,
2017-04-09,,
2017-04-10,,
2017-04-11,,
2017-04-12,,
2017-04-13,,
2017-04-14,,
2017-04-15,,
2017-04-16,,
2017-04-17,,
2017-04-18,,
2017-04-19,,
2017-04-20,,
2017-04-21,,
2017-04-22,,
2017-04-23,,
2017-04-24,,
2017-04-25,,
2017-04-26,,
2017-04-27,,
2017-04-28,,
2017-04-29,,
2017-04-30,,
2017-05-01,,
2017-05-02,,
2017-05-03,,
2017-05-04,,
2017-05-05,,
2017-05-06,,
2017-05-07,,
2017-05-08,,
2017-05-09,,
2017-05-10,,
2017-05-11,,
2017-05-12,,
2017-05-13,,
2017-05-14,,
2017-05-15,,
2017-05-16,,
2017-05-17,,
2017-05-18,,
2017-05-19,,
2017-05-20,,
2017-05-21,,
2017-05-22,,
2017-05-23,,
2017-05-24,,
2017-05-25,,
2017-05-26,,
2017-05-27,,
2017-05-28,,
2017-05-29,,
2017-05-30,,
2017-05-31,,
2017-06-01,,
2017-06-02,,
2017-06-03,,
2017-06-04,,
2017-06-05,,
2017-06-06,,
2017-06-07,,
2017-06-08,,
2017-06-09,,
2017-06-10,,
2017-06-11,,
2017-06-12,,
2017-06-13,,
2017-06-14,,
2017-06-15,,
2017-06-16,,
2017-06-17,,
2017-06-18,,
2017-06-19,,
2017-06-20,,
2017-06-21,,
2017-06-22,,
2017-06-23,,
2017-06-24,,
2017-06-25,,
2017-06-26,,
2017-06-27,,
2017-06-28,,
2017-06-29,,
2017-06-30,,
2017-07-01,,
2017-07-02,,
2017-07-03,,
2017-07-04,,
2017-07-05,,
2017-07-06,,
2017-07-07,,
2017-07-08,,
2017-07-09,,
2017-07-10,,
2017-07-11,,
2017-07-12,,
2017-07-13,,
2017-07-14,,
2017-07-15,,
2017-07-16,,
2017-07-17,,
2017-07-18,,
2017-07-19,,
2017-07-20,,
2017-07-21,,
2017-07-22,,
2017-07-23,,
2017-07-24,,
2017-07-25,,
2017-07-26,,
2017-07-27,,
2017-07-28,,
2017-07-29,,
2017-07-30,,
2017-07-31,,
2017-08-01,,
2017-08-02,,
2017-08-03,,
2017-08-04,,
2017-08-05,,
2017-08-06,,
2017-08-07,,
2017-08-08,,
2017-08-09,,
2017-08-10,,
2017-08-11,,
2017-08-12,,
2017-08-13,,
2017-08-14,,
2017-08-15,,
2017-08-16,,
2017-08-17,,
2017-08-18,,
2017-08-19,,
2017-08-20,,
2017-08-21,,
2017-08-22,,
2017-08-23,,
2017-08-24,,
2017-08-25,,
2017-08-26,,
2017-08-27,,
2017-08-28,,
2017-08-29,,
2017-08-30,,
2017-08-31,,
2017-09-01,,
2017-09-02,,
2017-09-03,,
2017-09-04,,
2017-09-05,,
2017-09-06,,
2017-09-07,,
2017-09-08,,
2017-09-09,,
2017-09-10,,
2017-09-11,,
2017-09-12,,
2017-09-13,,
2017-09-14,,
2017-09-15,,
2017-09-16,,
2017-09-17,,
2017-09-18,,
2017-09-19,,
2017-09-20,,
2017-09-21,,
2017-09-22,,
2017-09-23,,
2017-09-24,,
2017-09-25,,
2017-09-26,,
2017-09-27,,
2017-09-28,,
2017-09-29,,
2017-09-30,,
2017-10-01,,
2017-10-02,,
2017-10-03,,
2017-10-04,,
2017-10-05,,
2017-10-06,,
2017-10-07,,
2017-10-08,,
2017-10-09,,
2017-10-10,,
2017-10-11,,
2017-10-12,,
2017-10-13,,
2017-10-14,,
2017-10-15,,
2017-10-16,,
2017-10-17,,
2017-10-18,,
2017-10-19,,
2017-10-20,,
2017-10-21,,
2017-10-22,,
2017-10-23,,
2017-10-24,,
2017-10-25,,
2017-10-26,,
2017-10-27,,
2017-10-28,,
2017-10-29,,
2017-10-30,,
2017-10-31,,
2017-11-01,,
2017-11-02,,
2017-11-03,,
2017-11-04,,
2017-11-05,,
2017-11-06,,
2017-11-07,,
2017-11-08,,
2017-11-09,,
2017-11-10,,
2017-11-11,,
2017-11-12,,
2017-11-13,,
2017-11-14,,
2017-11-15,,
2017-11-16,,
2017-11-17,,
2017-11-18,,
2017-11-19,,
2017-11-20,,
2017-11-21,,
2017-11-22,,
2017-11-23,,
2017-11-24,,
2017-11-25,,
2017-11-26,,
2017-11-27,,
2017-11-28,,
2017-11-29,,
2017-11-30,,
2017-12-01,,
2017-12-02,,
2017-12-03,,
2017-12-04,,
2017-12-05,,
2017-12-06,,
2017-12-07,,
2017-12-08,,
2017-12-09,,
2017-12-10,,
2017-12-11,,
2017-12-12,,
2017-12-13,,
2017-12-14,,
2017-12-15,,
2017-12-16,,
2017-12-17,,
2017-12-18,,
2017-12-19,,
2017-12-20,,
2017-12-21,,
2017-12-22,,
2017-12-23,,
2017-12-24,,
2017-12-25,,
2017-12-26,,
2017-12-27,,
2017-12-28,,
2017-12-29,,
2017-12-30,,
2017-12-31,,
2018-01-01,,
2018-01-02,,
2018-01-03,,
2018-01-04,,
2018-01-05,,
2018-01-06,,
2018-01-07,,
2018-01-08,,
2018-01-09,,
2018-01-10,,
2018-01-11,,
2018-01-12,,
2018-01-13,,
2018-01-14,,
2018-01-15,,
2018-01-16,,
2018-01-17,,
2018-01-18,,
2018-01-19,,
2018-01-20,,
2018-01-21,,
2018-01-22,,
2018-01-23,,
2018-01-24,,
2018-01-25,,
2018-01-26,,
2018-01-27,,
2018-01-28,,
2018-01-29,,
2018-01-30,,
2018-01-31,,
2018-02-01,,
2018-02-02,,
2018-02-03,,
2018-02-04,,
2018-02-05,,
2018-02-06,,
2018-02-07,,
2018-02-08,,
2018-02-09,,
2018-02-10,,
2018-02-11,,
2018-02-12,,
2018-02-13,,
2018-02-14,,
2018-02-15,,
2018-02-16,,
2018-02-17,,
2018-02-18,,
2018-02-19,,
2018-02-20,,
2018-02-21,,
2018-02-22,,
2018-02-23,,
2018-02-24,,
2018-02-25,,
2018-02-26,,
2018-02-27,,
2018-02-28,,
2018-03-01,,
2018-03-02,,
2018-03-03,,
2018-03-04,,
2018-03-05,,
2018-03-06,,
2018-03-07,,
2018-03-08,,
2018-03-09,,
2018-03-10,,
2018-03-11,,
2018-03-12,,
2018-03-13,,
2018-03-14,,
2018-03-15,,
2018-03-16,,
2018-03-17,,
2018-03-18,,
2018-03-19,,
2018-03-20,,
2018-03-21,,
2018-03-22,,
2018-03-23,,
2018-03-24,,
2018-03-25,,
2018-03-26,,
2018-03-27,,
2018-03-28,,
2018-03-29,,
2018-03-30,,
2018-03-31,,
2018-04-01,,
2018-04-02,,
2018-04-03,,
2018-04-04,,
2018-04-05,,
2018-04-06,,
2018-04-07,,
2018-04-08,,
2018-04-09,,
2018-04-10,,
2018-04-11,,
2018-04-12,,
2018-04-13,,
2018-04-14,,
2018-04-15,,
2018-04-16,,
2018-04-17,,
2018-04-18,,
2018-04-19,,
2018-04-20,,
2018-04-21,,
2018-04-22,,
2018-04-23,,
2018-04-24,,
2018-04-25,,
2018-04-26,,
2018-04-27,,
2018-04-28,,
2018-04-29,,
2018-04-30,,
2018-05-01,,
2018-05-02,,
2018-05-03,,
2018-05-04,,
2018-05-05,,
2018-05-06,,
2018-05-07,,
2018-05-08,,
2018-05-09,,
2018-05-10,,
2018-05-11,,
2018-05-12,,
2018-05-13,,
2018-05-14,,
2018-05-15,,
2018-05-16,,
2018-05-17,,
2018-05-18,,
2018-05-19,,
2018-05-20,,
2018-05-21,,
2018-05-22,,
2018-05-23,,
2018-05-24,,
2018-05-25,,
2018-05-26,,
2018-05-27,,
2018-05-28,,
2018-05-29,,
2018-05-30,,
2018-05-31,,
2018-06-01,,
2018-06-02,,
2018-06-03,,
2018-06-04,,
2018-06-05,,
2018-06-06,,
2018-06-07,,
2018-06-08,,
2018-06-09,,
2018-06-10,,
2018-06-11,,
2018-06-12,,
2018-06-13,,
2018-06-14,,
2018-06-15,,
2018-06-16,,
2018-06-17,,
2018-06-18,,
2018-06-19,,
2018-06-20,,
2018-06-21,,
2018-06-22,,
2018-06-23,,
2018-06-24,,
2018-06-25,,
2018-06-26,,
2018-06-27,,
2018-06-28,,
2018-06-29,,
2018-06-30,,
2018-07-01,,
2018-07-02,,
2018-07-03,,
2018-07-04,,
2018-07-05,,
2018-07-06,,
2018-07-07,,
2018-07-08,,
2018-07-09,,
2018-07-10,,
2018-07-11,,
2018-07-12,,
2018-07-13,,
2018-07-14,,
2018-07-15,,
2018-07-16,,
2018-07-17,,
2018-07-18,,
2018-07-19,,
2018-07-20,,
2018-07-21,,
2018-07-22,,
2018-07-23,,
2018-07-24,,
2018-07-25,,
2018-07-26,,
2018-07-27,,
2018-07-28,,
2018-07-29,,
2018-07-30,,
2018-07-31,,
2018-08-01,,
2018-08-02,,
2018-08-03,,
2018-08-04,,
2018-08-05,,
2018-08-06,,
2018-08-07,,
2018-08-08,,
2018-08-09,,
2018-08-10,,
2018-08-11,,
2018-08-12,,
2018-08-13,,
2018-08-14,,
2018-08-15,,
2018-08-16,,
2018-08-17,,
2018-08-18,,
2018-08-19,,
2018-08-20,,
2018-08-21,,
2018-08-22,,
2018-08-23,,
2018-08-24,,
2018-08-25,,
2018-08-26,,
2018-08-27,,
2018-08-28,,
2018-08-29,,
2018-08-30,,
2018-08-31,,
2018-09-01,,
2018-09-02,,
2018-09-03,,
2018-09-04,,
2018-09-05,,
2018-09-06,,
2018-09-07,,
2018-09-08,,
2018-09-09,,
2018-09-10,,
2018-09-11,,
2018-09-12,,
2018-09-13,,
2018-09-14,,
2018-09-15,,
2018-09-16,,
2018-09-17,,
2018-09-18,,
2018-09-19,,
2018-09-20,,
2018-09-21,,
2018-09-22,,
2018-09-23,,
2018-09-24,,
2018-09-25,,
2018-09-26,,
2018-09-27,,
2018-09-28,,
2018-09-29,,
2018-09-30,,
2018-10-01,,
2018-10-02,,
2018-10-03,,
2018-10-04,,
2018-10-05,,
2018-10-06,,
2018-10-07,,
2018-10-08,,
2018-10-09,,
2018-10-10,,
2018-10-11,,
2018-10-12,,
2018-10-13,,
2018-10-14,,
2018-10-15,,
2018-10-16,,
2018-10-17,,
2018-10-18,,
2018-10-19,,
2018-10-20,,
2018-10-21,,
2018-10-22,,
2018-10-23,,
2018-10-24,,
2018-10-25,,
2018-10-26,,
2018-10-27,,
2018-10-28,,
2018-10-29,,
2018-10-30,,
2018-10-31,,
2018-11-01,,
2018-11-02,,
2018-11-03,,
2018-11-04,,
2018-11-05,,
2018-11-06,,
2018-11-07,,
2018-11-08,,
2018-11-09,,
2018-11-10,,
2018-11-11,,
2018-11-12,,
2018-11-13,,
2018-11-14,,
2018-11-15,,
2018-11-16,,
2018-11-17,,
2018-11-18,,
2018-11-19,,
2018-11-20,,
2018-11-21,,
2018-11-22,,
2018-11-23,,
2018-11-24,,
2018-11-25,,
2018-11-26,,
2018-11-27,,
2018-11-28,,
2018-11-29,,
2018-11-30,,
2018-12-01,,
2018-12-02,,
2018-12-03,,
2018-12-04,,
2018-12-05,,
2018-12-06,,
2018-12-07,,
2018-12-08,,
2018-12-09,,
2018-12-10,,
2018-12-11,,
2018-12-12,,
2018-12-13,,
2018-12-14,,
2018-12-15,,
2018-12-16,,
2018-12-17,,
2018-12-18,,
2018-12-19,,
2018-12-20,,
2018-12-21,,
2018-12-22,,
2018-12-23,,
2018-12-24,,
2018-12-25,,
2018-12-26,,
2018-12-27,,
2018-12-28,,
2018-12-29,,
2018-12-30,,
2018-12-31,,
2019-01-01,,
2019-01-02,,
2019-01-03,,
2019-01-04,,
2019-01-05,,
2019-01-06,,
2019-01-07,,
2019-01-08,,
2019-01-09,,
2019-01-10,,
2019-01-11,,
2019-01-12,,
2019-01-13,,
2019-01-14,,
2019-01-15,,
2019-01-16,,
2019-01-17,,
2019-01-18,,
2019-01-19,,
2019-01-20,,
2019-01-21,,
2019-01-22,,
2019-01-23,,
2019-01-24,,
2019-01-25,,
2019-01-26,,
2019-01-27,,
2019-01-28,,
2019-01-29,,
2019-01-30,,
2019-01-31,,
2019-02-01,,
2019-02-02,,
2019-02-03,,
2019-02-04,,
2019-02-05,,
2019-02-06,,
2019-02-07,,
2019-02-08,,
2019-02-09,,
2019-02-10,,
2019-02-11,,
2019-02-12,,
2019-02-13,,
2019-02-14,,
2019-02-15,,
2019-02-16,,
2019-02-17,,
2019-02-18,,
2019-02-19,,
2019-02-20,,
2019-02-21,,
2019-02-22,,
2019-02-23,,
2019-02-24,,
2019-02-25,,
2019-02-26,,
2019-02-27,,
2019-02-28,,
2019-03-01,,
2019-03-02,,
2019-03-03,,
2019-03-04,,
2019-03-05,,
2019-03-06,,
2019-03-07,,
2019-03-08,,
2019-03-09,,
2019-03-10,,
2019-03-11,,
2019-03-12,,
2019-03-13,,
2019-03-14,,
2019-03-15,,
2019-03-16,,
2019-03-17,,
2019-03-18,,
2019-03-19,,
2019-03-20,,
2019-03-21,,
2019-03-22,,
2019-03-23,,
2019-03-24,,
2019-03-25,,
2019-03-26,,
2019-03-27,,
2019-03-28,,
2019-03-29,,
2019-03-30,,
2019-03-31,,
2019-04-01,,
2019-04-02,,
2019-04-03,,
2019-04-04,,
2019-04-05,,
2019-04-06,,
2019-04-07,,
2019-04-08,,
2019-04-09,,
2019-04-10,,
2019-04-11,,
2019-04-12,,
2019-04-13,,
2019-04-14,,
2019-04-15,,
2019-04-16,,
2019-04-17,,
2019-04-18,,
2019-04-19,,
2019-04-20,,
2019-04-21,,
2019-04-22,,
2019-04-23,,
2019-04-24,,
2019-04-25,,
2019-04-26,,
2019-04-27,,
2019-04-28,,
2019-04-29,,
2019-04-30,,
2019-05-01,,
2019-05-02,,
2019-05-03,,
2019-05-04,,
2019-05-05,,
2019-05-06,,
2019-05-07,,
2019-05-08,,
2019-05-09,,
2019-05-10,,
2019-05-11,,
2019-05-12,,
2019-05-13,,
2019-05-14,,
2019-05-15,,
2019-05-16,,
2019-05-17,,
2019-05-18,,
2019-05-19,,
2019-05-20,,
2019-05-21,,
2019-05-22,,
2019-05-23,,
2019-05-24,,
2019-05-25,,
2019-05-26,,
2019-05-27,,
2019-05-28,,
2019-05-29,,
2019-05-30,,
2019-05-31,,
2019-06-01,,
2019-06-02,,
2019-06-03,,
2019-06-04,,
2019-06-05,,
2019-06-06,,
2019-06-07,,
2019-06-08,,
2019-06-09,,
2019-06-10,,
2019-06-11,,
2019-06-12,,
2019-06-13,,
2019-06-14,,
2019-06-15,,
2019-06-16,,
2019-06-17,,
2019-06-18,,
2019-06-19,,
2019-06-20,,
2019-06-21,,
2019-06-22,,
2019-06-23,,
2019-06-24,,
2019-06-25,,
2019-06-26,,
2019-06-27,,
2019-06-28,,
2019-06-29,,
2019-06-30,,
2019-07-01,,
2019-07-02,,
2019-07-03,,
2019-07-04,,
2019-07-05,,
2019-07-06,,
2019-07-07,,
2019-07-08,,
2019-07-09,,
2019-07-10,,
2019-07-11,,
2019-07-12,,
2019-07-13,,
2019-07-14,,
2019-07-15,,
2019-07-16,,
2019-07-17,,
2019-07-18,,
2019-07-19,,
2019-07-20,,
2019-07-21,,
2019-07-22,,
2019-07-23,,
2019-07-24,,
2019-07-25,,
2019-07-26,,
2019-07-27,,
2019-07-28,,
2019-07-29,,
2019-07-30,,
2019-07-31,,
2019-08-01,,
2019-08-02,,
2019-08-03,,
2019-08-04,,
2019-08-05,,
2019-08-06,,
2019-08-07,,
2019-08-08,,
2019-08-09,,
2019-08-10,,
2019-08-11,,
2019-08-12,,
2019-08-13,,
2019-08-14,,
2019-08-15,,
2019-08-16,,
2019-08-17,,
2019-08-18,,
2019-08-19,,
2019-08-20,,
2019-08-21,,
2019-08-22,,
2019-08-23,,
2019-08-24,,
2019-08-25,,
2019-08-26,,
2019-08-27,,
2019-08-28,,
2019-08-29,,
2019-08-30,,
2019-08-31,,
2019-09-01,,
2019-09-02,,
2019-09-03,,
2019-09-04,,
2019-09-05,,
2019-09-06,,
2019-09-07,,
2019-09-08,,
2019-09-09,,
2019-09-10,,
2019-09-11,,
2019-09-12,,
2019-09-13,,
2019-09-14,,
2019-09-15,,
2019-09-16,,
2019-09-17,,
2019-09-18,,
2019-09-19,,
2019-09-20,,
2019-09-21,,
2019-09-22,,
2019-09-23,,
2019-09-24,,
2019-09-25,,
2019-09-26,,
2019-09-27,,
2019-09-28,,
2019-09-29,,
2019-09-30,,
2019-10-01,,
2019-10-02,,
2019-10-03,,
2019-10-04,,
2019-10-05,,
2019-10-06,,
2019-10-07,,
2019-10-08,,
2019-10-09,,
2019-10-10,,
2019-10-11,,
2019-10-12,,
2019-10-13,,
2019-10-14,,
2019-10-15,,
2019-10-16,,
2019-10-17,,
2019-10-18,,
2019-10-19,,
2019-10-20,,
2019-10-21,,
2019-10-22,,
2019-10-23,,
2019-10-24,,
2019-10-25,,
2019-10-26,,
2019-10-27,,
2019-10-28,,
2019-10-29,,
2019-10-30,,
2019-10-31,,
2019-11-01,,
2019-11-02,,
2019-11-03,,
2019-11-04,,
2019-11-05,,
2019-11-06,,
2019-11-07,,
2019-11-08,,
2019-11-09,,
2019-11-10,,
2019-11-11,,
2019-11-12,,
2019-11-13,,
2019-11-14,,
2019-11-15,,
2019-11-16,,
2019-11-17,,
2019-11-18,,
2019-11-19,,
2019-11-20,,
2019-11-21,,
2019-11-22,,
2019-11-23,,
2019-11-24,,
2019-11-25,,
2019-11-26,,
2019-11-27,,
2019-11-28,,
2019-11-29,,
2019-11-30,,
2019-12-01,,
2019-12-02,,
2019-12-03,,
2019-12-04,,
2019-12-05,,
2019-12-06,,
2019-12-07,,
2019-12-08,,
2019-12-09,,
2019-12-10,,
2019-12-11,,
2019-12-12,,
2019-12-13,,
2019-12-14,,
2019-12-15,,
2019-12-16,,
2019-12-17,,
2019-12-18,,
2019-12-19,,
2019-12-20,,
2019-12-21,,
2019-12-22,,
2019-12-23,,
2019-12-24,,
2019-12-25,,
2019-12-26,,
2019-12-27,,
2019-12-28,,
2019-12-29,,
2019-12-30,,
2019-12-31,,
2020-01-01,,
2020-01-02,,
2020-01-03,,
2020-01-04,,
2020-01-05,,
2020-01-06,,
2020-01-07,,
2020-01-08,,
2020-01-09,,
2020-01-10,,
2020-01-11,,
2020-01-12,,
2020-01-13,,
2020-01-14,,
2020-01-15,,
2020-01-16,,
2020-01-17,,
2020-01-18,,
2020-01-19,,
2020-01-20,,
2020-01-21,,
2020-01-22,,
2020-01-23,,
2020-01-24,,
2020-01-25,,
2020-01-26,,
2020-01-27,,
2020-01-28,,
2020-01-29,,
2020-01-30,,
2020-01-31,,
2020-02-01,,
2020-02-02,,
2020-02-03,,
2020-02-04,,
2020-02-05,,
2020-02-06,,
2020-02-07,,
2020-02-08,,
2020-02-09,,
2020-02-10,,
2020-02-11,,
2020-02-12,,
2020-02-13,,
2020-02-14,,
2020-02-15,,
2020-02-16,,
2020-02-17,,
2020-02-18,,
2020-02-19,,
2020-02-20,,
2020-02-21,,
2020-02-22,,
2020-02-23,,
2020-02-24,,
2020-02-25,,
2020-02-26,,
2020-02-27,,
2020-02-28,,
2020-02-29,,
2020-03-01,,
2020-03-02,,
2020-03-03,,
2020-03-04,,
2020-03-05,,
2020-03-06,,
2020-03-07,,
2020-03-08,,
2020-03-09,,
2020-03-10,,
2020-03-11,,
2020-03-12,,
2020-03-13,,
2020-03-14,,
2020-03-15,,
2020-03-16,,
2020-03-17,,
2020-03-18,,
2020-03-19,,
2020-03-20,,
2020-03-21,,
2020-03-22,,
2020-03-23,,
2020-03-24,,
2020-03-25,,
2020-03-26,,
2020-03-27,,
2020-03-28,,
2020-03-29,,
2020-03-30,,
2020-03-31,,
2020-04-01,,
2020-04-02,,
2020-04-03,,
2020-04-04,,
2020-04-05,,
2020-04-06,,
2020-04-07,,
2020-04-08,,
2020-04-09,,
2020-04-10,,
2020-04-11,,
2020-04-12,,
2020-04-13,,
2020-04-14,,
2020-04-15,,
2020-04-16,,
2020-04-17,,
2020-04-18,,
2020-04-19,,
2020-04-20,,
2020-04-21,,
2020-04-22,,
2020-04-23,,
2020-04-24,,
2020-04-25,,
2020-04-26,,
2020-04-27,,
2020-04-28,,
2020-04-29,,
2020-04-30,,
2020-05-01,,
2020-05-02,,
2020-05-03,,
2020-05-04,,
2020-05-05,,
2020-05-06,,
2020-05-07,,
2020-05-08,,
2020-05-09,,
2020-05-10,,
2020-05-11,,
2020-05-12,,
2020-05-13,,
2020-05-14,,
2020-05-15,,
2020-05-16,,
2020-05-17,,
2020-05-18,,
2020-05-19,,
2020-05-20,,
2020-05-21,,
2020-05-22,,
2020-05-23,,
2020-05-24,,
2020-05-25,,
2020-05-26,,
2020-05-27,,
2020-05-28,,
2020-05-29,,
2020-05-30,,
2020-05-31,,
2020-06-01,,
2020-06-02,,
2020-06-03,,
2020-06-04,,
2020-06-05,,
2020-06-06,,
2020-06-07,,
2020-06-08,,
2020-06-09,,
2020-06-10,,
2020-06-11,,
2020-06-12,,
2020-06-13,,
2020-06-14,,
2020-06-15,,
2020-06-16,,
2020-06-17,,
2020-06-18,,
2020-06-19,,
2020-06-20,,
2020-06-21,,
2020-06-22,,
2020-06-23,,
2020-06-24,,
2020-06-25,,
2020-06-26,,
2020-06-27,,
2020-06-28,,
2020-06-29,,
2020-06-30,,
2020-07-01,,
2020-07-02,,
2020-07-03,,
2020-07-04,,
2020-07-05,,
2020-07-06,,
2020-07-07,,
2020-07-08,,
2020-07-09,,
2020-07-10,,
2020-07-11,,
2020-07-12,,
2020-07-13,,
2020-07-14,,
2020-07-15,,
2020-07-16,,
2020-07-17,,
2020-07-18,,
2020-07-19,,
2020-07-20,,
2020-07-21,,
2020-07-22,,
2020-07-23,,
2020-07-24,,
2020-07-25,,
2020-07-26,,
2020-07-27,,
2020-07-28,,
2020-07-29,,
2020-07-30,,
2020-07-31,,
2020-08-01,,
2020-08-02,,
2020-08-03,,
2020-08-04,,
2020-08-05,,
2020-08-06,,
2020-08-07,,
2020-08-08,,
2020-08-09,,
2020-08-10,,
2020-08-11,,
2020-08-12,,
2020-08-13,,
2020-08-14,,
2020-08-15,,
2020-08-16,,
2020-08-17,,
2020-08-18,,
2020-08-19,,
2020-08-20,,
2020-08-21,,
2020-08-22,,
2020-08-23,,
2020-08-24,,
2020-08-25,,
2020-08-26,,
2020-08-27,,
2020-08-28,,
2020-08-29,,
2020-08-30,,
2020-08-31,,
2020-09-01,,
2020-09-02,,
2020-09-03,,
2020-09-04,,
2020-09-05,,
2020-09-06,,
2020-09-07,,
2020-09-08,,
2020-09-09,,
2020-09-10,,
2020-09-11,,
2020-09-12,,
2020-09-13,,
2020-09-14,,
2020-09-15,,
2020-09-16,,
2020-09-17,,
2020-09-18,,
2020-09-19,,
2020-09-20,,
2020-09-21,,
2020-09-22,,
2020-09-23,,
2020-09-24,,
2020-09-25,,
2020-09-26,,
2020-09-27,,
2020-09-28,,
2020-09-29,,
2020-09-30,,
2020-10-01,,
2020-10-02,,
2020-10-03,,
2020-10-04,,
2020-10-05,,
2020-10-06,,
2020-10-07,,
2020-10-08,,
2020-10-09,,
2020-10-10,,
2020-10-11,,
2020-10-12,,
2020-10-13,,
2020-10-14,,
2020-10-15,,
2020-10-16,,
2020-10-17,,
2020-10-18,,
2020-10-19,,
2020-10-20,,
2020-10-21,,
2020-10-22,,
2020-10-23,,
2020-10-24,,
2020-10-25,,
2020-10-26,,
2020-10-27,,
2020-10-28,,
2020-10-29,,
2020-10-30,,
2020-10-31,,
2020-11-01,,
2020-11-02,,
2020-11-03,,
2020-11-04,,
2020-11-05,,
2020-11-06,,
2020-11-07,,
2020-11-08,,
2020-11-09,,
2020-11-10,,
2020-11-11,,
2020-11-12,,
2020-11-13,,
2020-11-14,,
2020-11-15,,
2020-11-16,,
2020-11-17,,
2020-11-18,,
2020-11-19,,
2020-11-20,,
2020-11-21,,
2020-11-22,,
2020-11-23,,
2020-11-24,,
2020-11-25,,
2020-11-26,,
2020-11-27,,
2020-11-28,,
2020-11-29,,
2020-11-30,,
2020-12-01,,
2020-12-02,,
2020-12-03,,
2020-12-04,,
2020-12-05,,
2020-12-06,,
2020-12-07,,
2020-12-08,,
2020-12-09,,
2020-12-10,,
2020-12-11,,
2020-12-12,,
2020-12-13,,
2020-12-14,,
2020-12-15,,
2020-12-16,,
2020-12-17,,
2020-12-18,,
2020-12-19,,
2020-12-20,,
2020-12-21,,
2020-12-22,,
2020-12-23,,
2020-12-24,,
2020-12-25,,
2020-12-26,,
2020-12-27,,
2020-12-28,,
2020-12-29,,
2020-12-30,,
2020-12-31,,
2021-01-01,,
2021-01-02,,
2021-01-03,,
2021-01-04,,
2021-01-05,,
2021-01-06,,
2021-01-07,,
2021-01-08,,
2021-01-09,,
2021-01-10,,
2021-01-11,,
2021-01-12,,
2021-01-13,,
2021-01-14,,
2021-01-15,,
2021-01-16,,
2021-01-17,,
2021-01-18,,
2021-01-19,,
2021-01-20,,
2021-01-21,,
2021-01-22,,
2021-01-23,,
2021-01-24,,
2021-01-25,,
2021-01-26,,
2021-01-27,,
2021-01-28,,
2021-01-29,,
2021-01-30,,
2021-01-31,,
2021-02-01,,
2021-02-02,,
2021-02-03,,
2021-02-04,,
2021-02-05,,
2021-02-06,,
2021-02-07,,
2021-02-08,,
2021-02-09,,
2021-02-10,,
2021-02-11,,
2021-02-12,,
2021-02-13,,
2021-02-14,,
2021-02-15,,
2021-02-16,,
2021-02-17,,
2021-02-18,,
2021-02-19,,
2021-02-20,,
2021-02-21,,
2021-02-22,,
2021-02-23,,
2021-02-24,,
2021-02-25,,
2021-02-26,,
2021-02-27,,
2021-02-28,,
2021-03-01,,
2021-03-02,,
2021-03-03,,
2021-03-04,,
2021-03-05,,
2021-03-06,,
2021-03-07,,
2021-03-08,,
2021-03-09,,
2021-03-10,,
2021-03-11,,
2021-03-12,,
2021-03-13,,
2021-03-14,,
2021-03-15,,
2021-03-16,,
2021-03-17,,
2021-03-18,,
2021-03-19,,
2021-03-20,,
2021-03-21,,
2021-03-22,,
2021-03-23,,
2021-03-24,,
2021-03-25,,
2021-03-26,,
2021-03-27,,
2021-03-28,,
2021-03-29,,
2021-03-30,,
2021-03-31,,
2021-04-01,,
2021-04-02,,
2021-04-03,,
2021-04-04,,
2021-04-05,,
2021-04-06,,
2021-04-07,,
2021-04-08,,
2021-04-09,,
2021-04-10,,
2021-04-11,,
2021-04-12,,
2021-04-13,,
2021-04-14,,
2021-04-15,,
2021-04-16,,
2021-04-17,,
2021-04-18,,
2021-04-19,,
2021-04-20,,
2021-04-21,,
2021-04-22,,
2021-04-23,,
2021-04-24,,
2021-04-25,,
2021-04-26,,
2021-04-27,,
2021-04-28,,
2021-04-29,,
2021-04-30,,
2021-05-01,,
2021-05-02,,
2021-05-03,,
2021-05-04,,
2021-05-05,,
2021-05-06,,
2021-05-07,,
2021-05-08,,
2021-05-09,,
2021-05-10,,
2021-05-11,,
2021-05-12,,
2021-05-13,,
2021-05-14,,
2021-05-15,,
2021-05-16,,
2021-05-17,,
2021-05-18,,
2021-05-19,,
2021-05-20,,
2021-05-21,,
2021-05-22,,
2021-05-23,,
2021-05-24,,
2021-05-25,,
2021-05-26,,
2021-05-27,,
2021-05-28,,
2021-05-29,,
2021-05-30,,
2021-05-31,,
2021-06-01,,
2021-06-02,,
2021-06-03,,
2021-06-04,,
2021-06-05,,
2021-06-06,,
2021-06-07,,
2021-06-08,,
2021-06-09,,
2021-06-10,,
2021-06-11,,
2021-06-12,,
2021-06-13,,
2021-06-14,,
2021-06-15,,
2021-06-16,,
2021-06-17,,
2021-06-18,,
2021-06-19,,
2021-06-20,,
2021-06-21,,
2021-06-22,,
2021-06-23,,
2021-06-24,,
2021-06-25,,
2021-06-26,,
2021-06-27,,
2021-06-28,,
2021-06-29,,
2021-06-30,,
2021-07-01,,
2021-07-02,,
2021-07-03,,
2021-07-04,,
2021-07-05,,
2021-07-06,,
2021-07-07,,
2021-07-08,,
2021-07-09,,
2021-07-10,,
2021-07-11,,
2021-07-12,,
2021-07-13,,
2021-07-14,,
2021-07-15,,
2021-07-16,,
2021-07-17,,
2021-07-18,,
2021-07-19,,
2021-07-20,,
2021-07-21,,
2021-07-22,,
2021-07-23,,
2021-07-24,,
2021-07-25,,
2021-07-26,,
2021-07-27,,
2021-07-28,,
2021-07-29,,
2021-07-30,,
2021-07-31,,
2021-08-01,,
2021-08-02,,
2021-08-03,,
2021-08-04,,
2021-08-05,,
2021-08-06,,
2021-08-07,,
2021-08-08,,
2021-08-09,,
2021-08-10,,
2021-08-11,,
2021-08-12,,
2021-08-13,,
2021-08-14,,
2021-08-15,,
2021-08-16,,
2021-08-17,,
2021-08-18,,
2021-08-19,,
2021-08-20,,
2021-08-21,,
2021-08-22,,
2021-08-23,,
2021-08-24,,
2021-08-25,,
2021-08-26,,
2021-08-27,,
2021-08-28,,
2021-08-29,,
2021-08-30,,
2021-08-31,,
2021-09-01,,
2021-09-02,,
2021-09-03,,
2021-09-04,,
2021-09-05,,
2021-09-06,,
2021-09-07,,
2021-09-08,,
2021-09-09,,
2021-09-10,,
2021-09-11,,
2021-09-12,,
2021-09-13,,
2021-09-14,,
2021-09-15,,
2021-09-16,,
2021-09-17,,
2021-09-18,,
2021-09-19,,
2021-09-20,,
2021-09-21,,
2021-09-22,,
2021-09-23,,
2021-09-24,,
2021-09-25,,
2021-09-26,,
2021-09-27,,
2021-09-28,,
2021-09-29,,
2021-09-30,,
2021-10-01,,
2021-10-02,,
2021-10-03,,
2021-10-04,,
2021-10-05,,
2021-10-06,,
2021-10-07,,
2021-10-08,,
2021-10-09,,
2021-10-10,,
2021-10-11,,
2021-10-12,,
2021-10-13,,
2021-10-14,,
2021-10-15,,
2021-10-16,,
2021-10-17,,
2021-10-18,,
2021-10-19,,
2021-10-20,,
2021-10-21,,
2021-10-22,,
2021-10-23,,
2021-10-24,,
2021-10-25,,
2021-10-26,,
2021-10-27,,
2021-10-28,,
2021-10-29,,
2021-10-30,,
2021-10-31,,
2021-11-01,,
2021-11-02,,
2021-11-03,,
2021-11-04,,
2021-11-05,,
2021-11-06,,
2021-11-07,,
2021-11-08,,
2021-11-09,,
2021-11-10,,
2021-11-11,,
2021-11-12,,
2021-11-13,,
2021-11-14,,
2021-11-15,,
2021-11-16,,
2021-11-17,,
2021-11-18,,
2021-11-19,,
2021-11-20,,
2021-11-21,,
2021-11-22,,
2021-11-23,,
2021-11-24,,
2021-11-25,,
2021-11-26,,
2021-11-27,,
2021-11-28,,
2021-11-29,,
2021-11-30,,
2021-12-01,,
2021-12-02,,
2021-12-03,,
2021-12-04,,
2021-12-05,,
2021-12-06,,
2021-12-07,,
2021-12-08,,
2021-12-09,,
2021-12-10,,
2021-12-11,,
2021-12-12,,
2021-12-13,,
2021-12-14,,
2021-12-15,,
2021-12-16,,
2021-12-17,,
2021-12-18,,
2021-12-19,,
2021-12-20,,
2021-12-21,,
2021-12-22,,
2021-12-23,,
2021-12-24,,
2021-12-25,,
2021-12-26,,
2021-12-27,,
2021-12-28,,
2021-12-29,,
2021-12-30,,
2021-12-31,,
2022-01-01,,
2022-01-02,,
2022-01-03,,
2022-01-04,,
2022-01-05,,
2022-01-06,,
2022-01-07,,
2022-01-08,,
2022-01-09,,
2022-01-10,,
2022-01-11,,
2022-01-12,,
2022-01-13,,
2022-01-14,,
2022-01-15,,
2022-01-16,,
2022-01-17,,
2022-01-18,,
2022-01-19,,
2022-01-20,,
2022-01-21,,
2022-01-22,,
2022-01-23,,
2022-01-24,,
2022-01-25,,
2022-01-26,,
2022-01-27,,
2022-01-28,,
2022-01-29,,
2022-01-30,,
2022-01-31,,
2022-02-01,,
2022-02-02,,
2022-02-03,,
2022-02-04,,
2022-02-05,,
2022-02-06,,
2022-02-07,,
2022-02-08,,
2022-02-09,,
2022-02-10,,
2022-02-11,,
2022-02-12,,
2022-02-13,,
2022-02-14,,
2022-02-15,,
2022-02-16,,
2022-02-17,,
2022-02-18,,
2022-02-19,,
2022-02-20,,
2022-02-21,,
2022-02-22,,
2022-02-23,,
2022-02-24,,
2022-02-25,,
2022-02-26,,
2022-02-27,,
2022-02-28,,
2022-03-01,,
2022-03-02,,
2022-03-03,,
2022-03-04,,
2022-03-05,,
2022-03-06,,
2022-03-07,,
2022-03-08,,
2022-03-09,,
2022-03-10,,
2022-03-11,,
2022-03-12,,
2022-03-13,,
2022-03-14,,
2022-03-15,,
2022-03-16,,
2022-03-17,,
2022-03-18,,
2022-03-19,,
2022-03-20,,
2022-03-21,,
2022-03-22,,
2022-03-23,,
2022-03-24,,
2022-03-25,,
2022-03-26,,
2022-03-27,,
2022-03-28,,
2022-03-29,,
2022-03-30,,
2022-03-31,,
2022-04-01,,
2022-04-02,,
2022-04-03,,
2022-04-04,,
2022-04-05,,
2022-04-06,,
2022-04-07,,
2022-04-08,,
2022-04-09,,
2022-04-10,,
2022-04-11,,
2022-04-12,,
2022-04-13,,
2022-04-14,,
2022-04-15,,
2022-04-16,,
2022-04-17,,
2022-04-18,,
2022-04-19,,
2022-04-20,,
2022-04-21,,
2022-04-22,,
2022-04-23,,
2022-04-24,,
2022-04-25,,
2022-04-26,,
2022-04-27,,
2022-04-28,,
2022-04-29,,
2022-04-30,,
2022-05-01,,
2022-05-02,,
2022-05-03,,
2022-05-04,,
2022-05-05,,
2022-05-06,,
2022-05-07,,
2022-05-08,,
2022-05-09,,
2022-05-10,,
2022-05-11,,
2022-05-12,,
2022-05-13,,
2022-05-14,,
2022-05-15,,
2022-05-16,,
2022-05-17,,
2022-05-18,,
2022-05-19,,
2022-05-20,,
2022-05-21,,
2022-05-22,,
2022-05-23,,
2022-05-24,,
2022-05-25,,
2022-05-26,,
2022-05-27,,
2022-05-28,,
2022-05-29,,
2022-05-30,,
2022-05-31,,
2022-06-01,,
2022-06-02,,
2022-06-03,,
2022-06-04,,
2022-06-05,,
2022-06-06,,
2022-06-07,,
2022-06-08,,
2022-06-09,,
2022-06-10,,
2022-06-11,,
2022-06-12,,
2022-06-13,,
2022-06-14,,
2022-06-15,,
2022-06-16,,
2022-06-17,,
2022-06-18,,
2022-06-19,,
2022-06-20,,
2022-06-21,,
2022-06-22,,
2022-06-23,,
2022-06-24,,
2022-06-25,,
2022-06-26,,
2022-06-27,,
2022-06-28,,
2022-06-29,,
2022-06-30,,
2022-07-01,,
2022-07-02,,
2022-07-03,,
2022-07-04,,
2022-07-05,,
2022-07-06,,
2022-07-07,,
2022-07-08,,
2022-07-09,,
2022-07-10,,
2022-07-11,,
2022-07-12,,
2022-07-13,,
2022-07-14,,
2022-07-15,,
2022-07-16,,
2022-07-17,,
2022-07-18,,
2022-07-19,,
2022-07-20,,
2022-07-21,,
2022-07-22,,
2022-07-23,,
2022-07-24,,
2022-07-25,,
2022-07-26,,
2022-07-27,,
2022-07-28,,
2022-07-29,,
2022-07-30,,
2022-07-31,,
2022-08-01,,
2022-08-02,,
2022-08-03,,
2022-08-04,,
2022-08-05,,
2022-08-06,,
2022-08-07,,
2022-08-08,,
2022-08-09,,
2022-08-10,,
2022-08-11,,
2022-08-12,,
2022-08-13,,
2022-08-14,,
2022-08-15,,
2022-08-16,,
2022-08-17,,
2022-08-18,,
2022-08-19,,
2022-08-20,,
2022-08-21,,
2022-08-22,,
2022-08-23,,
2022-08-24,,
2022-08-25,,
2022-08-26,,
2022-08-27,,
2022-08-28,,
2022-08-29,,
2022-08-30,,
2022-08-31,,
2022-09-01,,
2022-09-02,,
2022-09-03,,
2022-09-04,,
2022-09-05,,
2022-09-06,,
2022-09-07,,
2022-09-08,,
2022-09-09,,
2022-09-10,,
2022-09-11,,
2022-09-12,,
2022-09-13,,
2022-09-14,,
2022-09-15,,
2022-09-16,,
2022-09-17,,
2022-09-18,,
2022-09-19,,
2022-09-20,,
2022-09-21,,
2022-09-22,,
2022-09-23,,
2022-09-24,,
2022-09-25,,
2022-09-26,,
2022-09-27,,
2022-09-28,,
2022-09-29,,
2022-09-30,,
2022-10-01,,
2022-10-02,,
2022-10-03,,
2022-10-04,,
2022-10-05,,
2022-10-06,,
2022-10-07,,
2022-10-08,,
2022-10-09,,
2022-10-10,,
2022-10-11,,
2022-10-12,,
2022-10-13,,
2022-10-14,,
2022-10-15,,
2022-10-16,,
2022-10-17,,
2022-10-18,,
2022-10-19,,
2022-10-20,,
2022-10-21,,
2022-10-22,,
2022-10-23,,
2022-10-24,,
2022-10-25,,
2022-10-26,,
2022-10-27,,
2022-10-28,,
2022-10-29,,
2022-10-30,,
2022-10-31,,
2022-11-01,,
2022-11-02,,
2022-11-03,,
2022-11-04,,
2022-11-05,,
2022-11-06,,
2022-11-07,,
2022-11-08,,
2022-11-09,,
2022-11-10,,
2022-11-11,,
2022-11-12,,
2022-11-13,,
2022-11-14,,
2022-11-15,,
2022-11-16,,
2022-11-17,,
2022-11-18,,
2022-11-19,,
2022-11-20,,
2022-11-21,,
2022-11-22,,
2022-11-23,,
2022-11-24,,
2022-11-25,,
2022-11-26,,
2022-11-27,,
2022-11-28,,
2022-11-29,,
2022-11-30,,
2022-12-01,,
2022-12-02,,
2022-12-03,,
2022-12-04,,
2022-12-05,,
2022-12-06,,
2022-12-07,,
2022-12-08,,
2022-12-09,,
2022-12-10,,
2022-12-11,,
2022-12-12,,
2022-12-13,,
2022-12-14,,
2022-12-15,,
2022-12-16,,
2022-12-17,,
2022-12-18,,
2022-12-19,,
2022-12-20,,
2022-12-21,,
2022-12-22,,
2022-12-23,,
2022-12-24,,
2022-12-25,,
2022-12-26,,
2022-12-27,,
2022-12-28,,
2022-12-29,,
2022-12-30,,
2022-12-31,,
2023-01-01,,
2023-01-02,,
2023-01-03,,
2023-01-04,,
2023-01-05,,
2023-01-06,,
2023-01-07,,
2023-01-08,,
2023-01-09,,
2023-01-10,,
2023-01-11,,
2023-01-12,,
2023-01-13,,
2023-01-14,,
2023-01-15,,
2023-01-16,,
2023-01-17,,
2023-01-18,,
2023-01-19,,
2023-01-20,,
2023-01-21,,
2023-01-22,,
2023-01-23,,
2023-01-24,,
2023-01-25,,
2023-01-26,,
2023-01-27,,
2023-01-28,,
2023-01-29,,
2023-01-30,,
2023-01-31,,
2023-02-01,26.4125,27.9125
2023-02-02,26.278750000000002,27.778750000000002
2023-02-03,26.250416666666666,27.750416666666666
2023-02-04,25.733333333333334,27.233333333333334
2023-02-05,25.94666666666667,27.44666666666667
2023-02-06,26.48125,27.98125
2023-02-07,26.671666666666667,28.171666666666667
2023-02-08,26.673333333333332,28.173333333333332
2023-02-09,26.639166666666668,28.139166666666668
2023-02-10,26.618750000000002,28.118750000000002
2023-02-11,26.432916666666667,27.932916666666667
2023-02-12,26.464166666666667,27.964166666666667
2023-02-13,26.456666666666667,27.956666666666667
2023-02-14,26.195833333333336,27.695833333333336
2023-02-15,26.459999999999997,27.959999999999997
2023-02-16,26.429166666666664,27.929166666666664
2023-02-17,25.99208333333333,27.49208333333333
2023-02-18,26.558333333333334,28.058333333333334
2023-02-19,26.687916666666666,28.187916666666666
2023-02-20,26.62875,28.12875
2023-02-21,26.62375,28.12375
2023-02-22,26.37625,27.87625
2023-02-23,26.628333333333334,28.128333333333334
2023-02-24,26.82875,28.32875
2023-02-25,26.470416666666665,27.970416666666665
2023-02-26,26.189166666666665,27.689166666666665
2023-02-27,25.907916666666665,27.407916666666665
2023-02-28,25.28833333333333,26.78833333333333
2023-03-01,24.88375,26.38375
2023-03-02,,
2023-03-03,,
2023-03-04,,
2023-03-05,,
2023-03-06,,
2023-03-07,,
2023-03-08,,
2023-03-09,,
2023-03-10,,
2023-03-11,,
2023-03-12,,
2023-03-13,,
2023-03-14,,
2023-03-15,,
2023-03-16,,
2023-03-17,,
2023-03-18,,
2023-03-19,,
2023-03-20,,
2023-03-21,,
2023-03-22,,
2023-03-23,,
2023-03-24,,
2023-03-25,,
2023-03-26,,
2023-03-27,,
2023-03-28,,
2023-03-29,,
2023-03-30,,
2023-03-31,,
2023-04-01,,
2023-04-02,,
2023-04-03,,
2023-04-04,,
2023-04-05,,
2023-04-06,,
2023-04-07,,
2023-04-08,,
2023-04-09,,
2023-04-10,,
2023-04-11,,
2023-04-12,,
2023-04-13,,
2023-04-14,,
2023-04-15,,
2023-04-16,,
2023-04-17,,
2023-04-18,,
2023-04-19,,
2023-04-20,,
2023-04-21,,
2023-04-22,,
2023-04-23,,
2023-04-24,,
2023-04-25,,
2023-04-26,,
2023-04-27,,
2023-04-28,,
2023-04-29,,
2023-04-30,,
2023-05-01,,
2023-05-02,,
2023-05-03,,
2023-05-04,,
2023-05-05,,
2023-05-06,,
2023-05-07,,
2023-05-08,,
2023-05-09,,
2023-05-10,,
2023-05-11,,
2023-05-12,,
2023-05-13,,
2023-05-14,,
2023-05-15,,
2023-05-16,,
2023-05-17,,
2023-05-18,,
2023-05-19,,
2023-05-20,,
2023-05-21,,
2023-05-22,,
2023-05-23,,
2023-05-24,,
2023-05-25,,
2023-05-26,,
2023-05-27,,
2023-05-28,,
2023-05-29,,
2023-05-30,,
2023-05-31,,
2023-06-01,,
2023-06-02,,
2023-06-03,,
2023-06-04,,
2023-06-05,,
2023-06-06,,
2023-06-07,,
2023-06-08,,
2023-06-09,,
2023-06-10,,
2023-06-11,,
2023-06-12,,
2023-06-13,,
2023-06-14,,
2023-06-15,,
2023-06-16,,
2023-06-17,,
2023-06-18,,
2023-06-19,,
2023-06-20,,
2023-06-21,,
2023-06-22,,
2023-06-23,,
2023-06-24,,
2023-06-25,,
2023-06-26,,
2023-06-27,,
2023-06-28,,
2023-06-29,,
2023-06-30,,
2023-07-01,,
2023-07-02,,
2023-07-03,,
2023-07-04,,
2023-07-05,,
2023-07-06,,
2023-07-07,,
2023-07-08,,
2023-07-09,,
2023-07-10,,
2023-07-11,,
2023-07-12,,
2023-07-13,,
2023-07-14,,
2023-07-15,,
2023-07-16,,
2023-07-17,,
2023-07-18,,
2023-07-19,,
2023-07-20,,
2023-07-21,,
2023-07-22,,
2023-07-23,,
2023-07-24,,
2023-07-25,,
2023-07-26,,
2023-07-27,,
2023-07-28,,
2023-07-29,,
2023-07-30,,
2023-07-31,,
2023-08-01,,
2023-08-02,,
2023-08-03,,
2023-08-04,,
2023-08-05,,
2023-08-06,,
2023-08-07,,
2023-08-08,,
2023-08-09,,
2023-08-10,,
2023-08-11,,
2023-08-12,,
2023-08-13,,
2023-08-14,,
2023-08-15,,
2023-08-16,,
2023-08-17,,
2023-08-18,,
2023-08-19,,
2023-08-20,,
2023-08-21,,
2023-08-22,,
2023-08-23,,
2023-08-24,,
2023-08-25,,
2023-08-26,,
2023-08-27,,
2023-08-28,,
2023-08-29,,
2023-08-30,,
2023-08-31,,
2023-09-01,,
2023-09-02,,
2023-09-03,,
2023-09-04,,
2023-09-05,,
2023-09-06,,
2023-09-07,,
2023-09-08,,
2023-09-09,,
2023-09-10,,
2023-09-11,,
2023-09-12,,
2023-09-13,,
2023-09-14,,
2023-09-15,,
2023-09-16,,
2023-09-17,,
2023-09-18,,
2023-09-19,,
2023-09-20,,
2023-09-21,,
2023-09-22,,
2023-09-23,,
2023-09-24,,
2023-09-25,,
2023-09-26,,
2023-09-27,,
2023-09-28,,
2023-09-29,,
2023-09-30,,
2023-10-01,,
2023-10-02,,
2023-10-03,,
2023-10-04,,
2023-10-05,,
2023-10-06,,
2023-10-07,,
2023-10-08,,
2023-10-09,,
2023-10-10,,
2023-10-11,,
2023-10-12,,
2023-10-13,,
2023-10-14,,
2023-10-15,,
2023-10-16,,
2023-10-17,,
2023-10-18,,
2023-10-19,,
2023-10-20,,
2023-10-21,,
2023-10-22,,
2023-10-23,,
2023-10-24,,
2023-10-25,,
2023-10-26,,
2023-10-27,,
2023-10-28,,
2023-10-29,,
2023-10-30,,
2023-10-31,,
2023-11-01,,
2023-11-02,,
2023-11-03,,
2023-11-04,,
2023-11-05,,
2023-11-06,,
2023-11-07,,
2023-11-08,,
2023-11-09,,
2023-11-10,,
2023-11-11,,
2023-11-12,,
2023-11-13,,
2023-11-14,,
2023-11-15,,
2023-11-16,,
2023-11-17,,
2023-11-18,,
2023-11-19,,
2023-11-20,,
2023-11-21,,
2023-11-22,,
2023-11-23,,
2023-11-24,,
2023-11-25,,
2023-11-26,,
2023-11-27,,
2023-11-28,,
2023-11-29,,
2023-11-30,,
2023-12-01,27.141875,28.641875
2023-12-02,27.330416666666665,28.830416666666665
2023-12-03,27.11791666666667,28.61791666666667
2023-12-04,27.27625,28.77625
2023-12-05,27.485416666666666,28.985416666666666
2023-12-06,26.884583333333335,28.384583333333335
2023-12-07,27.052083333333332,28.552083333333332
2023-12-08,27.256666666666664,28.756666666666664
2023-12-09,26.844166666666666,28.344166666666666
2023-12-10,26.9325,28.4325
2023-12-11,26.723333333333333,28.223333333333333
2023-12-12,26.424166666666665,27.924166666666665
2023-12-13,26.540833333333335,28.040833333333335
2023-12-14,26.812083333333334,28.312083333333334
2023-12-15,27.192916666666665,28.692916666666665
2023-12-16,26.91625,28.41625
2023-12-17,27.24875,28.74875
2023-12-18,26.82041666666667,28.32041666666667
2023-12-19,26.823333333333334,28.323333333333334
2023-12-20,26.76875,28.26875
2023-12-21,26.952916666666667,28.452916666666667
2023-12-22,27.23708333333333,28.73708333333333
2023-12-23,27.16875,28.66875
2023-12-24,27.055000000000003,28.555000000000003
2023-12-25,26.452083333333334,27.952083333333334
2023-12-26,26.392083333333332,27.892083333333332
2023-12-27,26.471666666666668,27.971666666666668
2023-12-28,26.502499999999998,28.002499999999998
2023-12-29,26.762916666666666,28.262916666666666
2023-12-30,26.614583333333332,28.114583333333332
2023-12-31,26.4175,27.9175
2024-01-01,26.09,27.59
